Block,Address,Layer,Matrix_Position,Diagonal_Value
72,1K2UaAY9jfz7wUxadbD3ivBLGqrcF4ai8M,0,"[72,72]",-27
73,1Ky8dP7oR1cBeg1MzkrgHAeHAHyn92DCar,0,"[73,73]",-27
74,1FnbdYntfohuZ1EhZ7f9oiT2R5sDsZBohL,0,"[74,74]",-27
79,12ti6ZDtjJTFnfSXJD1yZeojFdc1u4nJcS,0,"[79,79]",27
88,133xmQyVGHnyQwr2pYNiHUMeDUS3mYVsB7,0,"[88,88]",-27
92,1DRzyGtGkXYnFz9n9qxnTFbGpYBv4FNmYM,0,"[92,92]",-27
94,1PHG1AoZJ5yyg6MV2fkqYCuDDik2NTfzfm,0,"[94,94]",-27
95,18GyZ216oMhpCbZ7JkKZyT8x68v2a8HuNA,0,"[95,95]",-27
119,1AUR9CVmm5wH8xc2EufyDpuA8HEZcSamhY,0,"[119,119]",27
120,1FeGetWU2tR2QSrxnpRwHGXGcxzhN6zQza,0,"[120,120]",-27
200,1HwmP33SaknLYShXfjVU8KmVThU3JiuVgH,0,"[72,72]",-27
201,1PAL9ZNuwAcufS8xSnGMCpQqECFF9g9QN1,0,"[73,73]",-27
202,1P8BjGr7JG8zfDTZBE4Kat2KthsDJ9xg5e,0,"[74,74]",-27
207,13QWmek3hEUhhcXL6PkyaQvW8cYuZwGFpM,0,"[79,79]",27
216,1NZA1LZDbyeE9qdHWeJnN5DN7ZDJShsssU,0,"[88,88]",-27
220,1MUuVeuS6DDS5QKR2BNZ9fipXCEsFujaMH,0,"[92,92]",-27
222,12wm668ySFxjAPGnZHPBR4uWqUmNdXg2kP,0,"[94,94]",-27
223,1G5Gp7b1u5cTN5xjypETNpmCTpbDdoXJMA,0,"[95,95]",-27
247,14pBXdFvEaPy6t4gbnrrQWu86ZYPTivEx3,0,"[119,119]",27
248,16NEqTQenDpSAn18utw6sYD631Cq9znZf7,0,"[120,120]",-27
328,1ELjm88xyqdU5cd5o5JpJuuWbdQfakRaKD,0,"[72,72]",-27
330,1CSJo2CFEyN7Pzcnzd7JRLv5WUAfZZ1AWB,0,"[74,74]",-27
335,127xfzeX9eAVVUWsjGgNDgQdVMBFtcJXEg,0,"[79,79]",27
344,1CYqkzUCSCxa2r2wmxmu2xY32y1LxaUEhu,0,"[88,88]",-27
348,16oMqP6mFLAAWbpxGf6Bo5F9SHUpgutwxa,0,"[92,92]",-27
350,13SxLs9mUbCyXrJ273nJLShaFq5dmDNiJM,0,"[94,94]",-27
351,1H79k9G7Fcy9NYn62cswr5h1VJPaygs6Gw,0,"[95,95]",-27
375,1Jfe1uxiuxq6zxeaSnSZGA9CjAh8zrDZCU,0,"[119,119]",27
376,1FbxJu9Honm2jkE4iFrjxQMqLXutXF9cpV,0,"[120,120]",-27
456,125Rg7ZvmYxeoNeTbU4CaXrVSxbB331KPZ,0,"[72,72]",-27
457,1EwdBbkmzxZ6zroa29CHCFtp46PfPXqhjX,0,"[73,73]",-27
458,15Zkm5xRdCYYHkHS1i21PcE9eEsyKdkgWy,0,"[74,74]",-27
472,13FMvP1eY9uVqdmPWVUGDppo4qhVNMJH4W,0,"[88,88]",-27
476,15JpqundSRrcSjprqcXWk8P2SNTHChUHSL,0,"[92,92]",-27
478,1L43UKxQdX1MtzAwr9k9JaFwLjrCWYNz2u,0,"[94,94]",-27
479,1NqWdUe4vTjMkFPUFHkpNvq864WhCv5pqc,0,"[95,95]",-27
503,185qFTbmP3poioBaohmK8FoL4JkTGh1T9p,0,"[119,119]",27
504,192xCo6ULYkbbm84H18Coxzc36j4gLyGn6,0,"[120,120]",-27
584,1GRfT1z1QutKirTVhMHbbpMgxUrxNejTv6,0,"[72,72]",-27
585,1L39eXNVz2WYrj4VBCkiwUafffs7rQ3gxq,0,"[73,73]",-27
586,1LZaMRQVdtHnrSGBVqdeaB1QfAdqFkXxoD,0,"[74,74]",-27
600,19Cyr9njynqZb6myzbwdAaxA6mskceYVpy,0,"[88,88]",-27
606,13R9dj39ijnsgi2bsA4SeYjZ3puzHktgXK,0,"[94,94]",-27
631,19gsNk9tYsWDHDVuYhqSbinkQB3hbdQFpq,0,"[119,119]",27
632,1LZ2Equmc5kKuC7wmh9QxyyNXpJ4mcpVUs,0,"[120,120]",-27
712,1BMLJt3Evpkm6D279N2hSyBzmJvJoJZaJG,0,"[72,72]",-27
714,1Mc9irBdXAWdLg1DyHrPQkZRH9pWxtwNKz,0,"[74,74]",-27
719,15jqawy4NJNZrpVk6WsHucecVKs79zWuWr,0,"[79,79]",27
732,1RkgYszBm15XCj7SVxF29xpspuU6snCSB,0,"[92,92]",-27
734,175aRoo3z9N1fdQwj6Zmh6yvYx6AtwRe4Y,0,"[94,94]",-27
735,1PzBYSR2qjKMgBXhFqS4oUte3Q6ANAvNGv,0,"[95,95]",-27
759,1H9AWe2V3gm1tiQo4eHv1MKA5dDPSWfE29,0,"[119,119]",27
840,12Qvuw5kibdF3zMn3e7AEszcpaazLegLEs,0,"[72,72]",-27
841,1CtvNmv9iTMAUE2Uwgg827WKxQnXrrviyk,0,"[73,73]",-27
847,17NRRNNsbJuEAC9R2xeFfKyBmY5avdHw1u,0,"[79,79]",27
856,1DQTU24Pz1w2Yc8i93DpDgJGiXvT9knDKT,0,"[88,88]",-27
860,19pUYshr9bb7nA5fLbsKfKrFU6tzZHNksJ,0,"[92,92]",-27
862,1GtYSwPDrcKZp8GH3HaYMEtkMeK9EptsyF,0,"[94,94]",-27
863,13N2t3Q5VrHC84ZdV6xC3GuNhZzfbCreJP,0,"[95,95]",-27
888,1L8g5GwyPgyek92DD1ebkFQ7QAcEP1k182,0,"[120,120]",-27
968,16Z8MAo1Kh5ySWScqJxB3ZbftJnrcHqquy,0,"[72,72]",-27
969,17tAKf72nmD6TNdkLsWnj1jhmvFPajMHZw,0,"[73,73]",-27
970,1QJkBd8wiDufzAcsaFHymAbU5gjHAeqyou,0,"[74,74]",-27
975,1JBWiEsDqXSaK2pb6n4VJUbkNpRsh4yqpL,0,"[79,79]",27
990,1GquniFprXVGm5zN13VMa9reyGsnpjQh52,0,"[94,94]",-27
991,1MJFnSgg18bF5Z83w6LyEH8txVSbDMEtkb,0,"[95,95]",-27
1015,1EwedpcEzotL2fq5STpenswWHh3qvbv1qU,0,"[119,119]",27
1016,1ADdoQFxCa2PvXmA4ur39x3QhorvfBabeM,0,"[120,120]",-27
1097,13nSXAyvcyuRUzyrtd47aV7Ac8WpsCuStL,0,"[73,73]",-27
1098,17TNbnjZAEpx8g8wA585MBH77X2ke3571o,0,"[74,74]",-27
1103,1QLMdAix42fviBigJ54S17AEVFNuNK97Ho,0,"[79,79]",27
1112,1DjwRCjT18UTCMzJZ6GK9PeXwP88smrt7n,0,"[88,88]",-27
1118,1FJC1jr8mriKJJxFjaLJQ4QgojTVuEg7x1,0,"[94,94]",-27
1224,1NQEYJFa5XLGWDmCzRQHDV4WAcW1yDwd5Y,0,"[72,72]",-27
1225,1GNykzzLLCXiAjFJ1bZ4C57PpbtEgMBwzn,0,"[73,73]",-27
1226,12AzWpcC7nwMK3rvTBhGLKPm3QVxZkfS7J,0,"[74,74]",-27
1231,12QBk9cvoRLfkMmxj2XK41R1Kg4zMna8ST,0,"[79,79]",27
1244,1EF3kg52qMDX1B5jY1BW3aMCFm2JY84nJD,0,"[92,92]",-27
1246,1QG5vdmbGf7bMZG4pefpA2TSHvVy41YVLD,0,"[94,94]",-27
1247,1Kq2MM5PK12C6Kz3u9RZkey1A32RvXHnt2,0,"[95,95]",-27
1271,1HaCsiLVLJsggBhgwd1WCiWzAWLauHstym,0,"[119,119]",27
1272,18iasU1P2awPfXMkcMsk8X59V9Gut6xr9z,0,"[120,120]",-27
1353,1CFPUZJC7tNJgYnJDQALS7ac2ckThSuDNR,0,"[73,73]",-27
1354,1DtbUuwkGj69c6DuktM43scry2GWYxmVGU,0,"[74,74]",-27
1359,1J3C8HsepEHmBSpnDVDfMRW4VCcp8LqH6v,0,"[79,79]",27
1368,1BwHjAxHXwUky1TSASM3S48jExgFGSnxWx,0,"[88,88]",-27
1372,15QZJyvtCDuJ6VpEFv2vM4vA1o4GppQqQ6,0,"[92,92]",-27
1374,1LEHhJyn3t5GUAMu6j2pVKuRp4uoKp25no,0,"[94,94]",-27
1375,1H2o9v4uu1GmHVo8hFR8zD7c7x9D8tKpf2,0,"[95,95]",-27
1400,12SV3iXwqyDiXQJ1bGZrDNTQnXuCfTLzgB,0,"[120,120]",-27
1480,12ZKSNg1tGW6kadhb5azTjnrRFXWmmsJJt,0,"[72,72]",-27
1481,18f3j1pxm9NtR7pVsKCNSJvmAUfSRfKg1T,0,"[73,73]",-27
1482,1JmhXdXsN3syKzXErNa8knwdYCencx7qcf,0,"[74,74]",-27
1496,1LXbZebqx8jnZnVqaJmWWirxhuqi2zN3iZ,0,"[88,88]",-27
1500,1DZXCW2YVeqJUgT8iZdadWM6qKguDzdh46,0,"[92,92]",-27
1502,1AxE2Cy5TfhBvreitubbRHAreeWJ4THV29,0,"[94,94]",-27
1503,15fyz1XFeSh4Av95ZYEU8eDnYLFDXKyrJF,0,"[95,95]",-27
1527,19GZDnoj1JScai3c2tCu26FJrFbmmsXhvH,0,"[119,119]",27
1528,1F7DEAzwRDgvMPEbzGHH3sDCTedRVZMurR,0,"[120,120]",-27
1608,14D6ksrXQbXrpKZzhCUFWnUvtuiWQZJjxo,0,"[72,72]",-27
1609,1NkJudMSZgKvfApib6DFswJ5ij4fsa5Gfy,0,"[73,73]",-27
1610,14gj6QUgdM6F8yvUGFbtyya8fPi3WaT72P,0,"[74,74]",-27
1615,1NaEx3YwsBbkpB3oDtEi1GhDiD5MrqFzLY,0,"[79,79]",27
1624,1BHuT4XBkRnepwr3aUM5tqpTdVZt3LTjJC,0,"[88,88]",-27
1628,1JygJaEgYeTudTWvNa2ALsajzQw13fiQuy,0,"[92,92]",-27
1630,1FfRgB5J9LVHeXYdAS5Ho6cj7aqpXN743X,0,"[94,94]",-27
1655,1GYJzd2FqPdrH9EUiWK585seP14WGQ8K9X,0,"[119,119]",27
1656,18SMA81d8YwHQVL7c1KWUp295R3Tz3Nd9q,0,"[120,120]",-27
1736,1K5GqkUJiMRKQCrb2kT5LUFR5vERiajf4m,0,"[72,72]",-27
1737,1BHw76ep1KcW1HoSijwqiETcaV8BY4n16,0,"[73,73]",-27
1738,1BXrPAXkVvqLsWCY2JsEcDpeZcpNtMDSf,0,"[74,74]",-27
1756,197gcQGbupG6uHZQR6LUYo6VD85yu811vw,0,"[92,92]",-27
1759,15tgeJ6zAqi8XPXpeoMU976PGU65sbhDem,0,"[95,95]",-27
1783,12zu2MSTfRL6ALy9YJdxZ9DToBwQxTaWhy,0,"[119,119]",27
1784,1MguYSUKFXNGMEKdLhBqtZW1w6CJDq7JzN,0,"[120,120]",-27
1865,1CenzQKUo4xAgiTM85zai6oW4Q9jHv8sF9,0,"[73,73]",-27
1866,1LWzyznkUAybWuYpTsfMshL3WVL8Sb6nnG,0,"[74,74]",-27
1880,1PjSgsgct2kEQjQxYnB7egn8WMtJD9BsN9,0,"[88,88]",-27
1884,17JVHeAMWRzabLTc7tGN8Ejkha3TDJLxts,0,"[92,92]",-27
1886,1E2tpYUtiX416SdgkpBHoFArsppvZccVDe,0,"[94,94]",-27
1887,1GbH9nLbLZCAJQKnUkhAqsKuih5EKf4tBK,0,"[95,95]",-27
1911,19KMQPv1ARHF162R1eACfQWkpu46fU2qB8,0,"[119,119]",27
1992,16NskkAgwUtkXimv7hipaFMTcS1UYgMGi9,0,"[72,72]",-27
1993,13r2nAnabfPPsx2S9turKiHjdTK2qDWPzi,0,"[73,73]",-27
1994,1yZErbmw9JCHqVdHRjSWZzGku1apaxten,0,"[74,74]",-27
1999,15orZyCtNhoF3t8aZFduTSV6qG9KrNY1Zw,0,"[79,79]",27
2008,1AHfY5ovH1BD5JKSjqkGVcLgfbew8iBgGt,0,"[88,88]",-27
2012,1EyqvDidFBmJoWF5qJ65SGg6BVcRjvKdxD,0,"[92,92]",-27
2014,18GqqjuX8S34k3QE5suyL1dEKG3tL74MAL,0,"[94,94]",-27
2015,18DBnZNLSQdSuUQwRgotfj9PZbw48h6sti,0,"[95,95]",-27
2039,1KEvCupqYSLtQBfgWj94fGrSpmGP2d6cvU,0,"[119,119]",27
2040,17oHmvcDqh7vs5UFYhYAJkGnpcrJStRxBg,0,"[120,120]",-27
2120,1PdQXjJ1Ye2QLeoHKkKx18TLByZC2quq4d,0,"[72,72]",-27
2121,1EG8nbFyrXj6mhEnfTicHZm6u4R7xgUCv3,0,"[73,73]",-27
2122,13ZeXu6ZVzt87dNPe3Ut3Yu7E5aZ1Dse2X,0,"[74,74]",-27
2142,1N1HxXkHbRAFgFgE6vTspTtSpoxAxZn5FR,0,"[94,94]",-27
2143,1CvktqrEJfzLvVDozptyN9X3yMW5Wjr8Dr,0,"[95,95]",-27
2167,1BjGaRexdCCVRyk2RjUHL4DzdiebXr24tA,0,"[119,119]",27
2168,1LZzSCqtMSJXZawnYheKgwbXtS42XDw7DN,0,"[120,120]",-27
2248,1P1DVEejgwshCUFH9pLwGW29RUsKnmBQJA,0,"[72,72]",-27
2264,1NrV2f85um7w8LnNHewEWtFehY31Gawcow,0,"[88,88]",-27
2268,1GNKtF9TWZUcseqjZ1ekop7KUsG25Cta9n,0,"[92,92]",-27
2271,1Ex5FszUqaYNUczZF6b6MXKR7VUGRs1gD7,0,"[95,95]",-27
2295,1DE758nXpgmfXZiZeZWSMcL2hpT7G3b3Py,0,"[119,119]",27
2376,14BXssitH5UJzjJpN82ftHR5vyFgVYdhJr,0,"[72,72]",-27
2377,1CQFNci5fTXtTsSiSoGoLFxjsJcU2BLByh,0,"[73,73]",-27
2378,17gFV4X4MS5AZYKvF6dTcav5GGezhZNZhL,0,"[74,74]",-27
2383,1H5G1HXeMMQGowH98rF6FpGWDnxvdVeTUr,0,"[79,79]",27
2392,1EGHYwDDLFd7DhqRG6Ufn3C5ctkPbcxiW,0,"[88,88]",-27
2396,1916872VAQLKCEHZzd1oQYFd9zJeNNHqPT,0,"[92,92]",-27
2398,1HrLgoDMRhVLsbS3AhzjRixukYBmdJtrWr,0,"[94,94]",-27
2399,13xzrz4sRP6QxGfHbw99xsRALjbbzXp2f7,0,"[95,95]",-27
2423,1LNdC7BEv7vHxbiwbHNRgMdknRNM3WPRQx,0,"[119,119]",27
2424,18f8LrZFjWhTKS6ANXa1i3hS1E8D9oLAxL,0,"[120,120]",-27
2505,12k2CJrt1nKyTL7M6CijeXvsyrjrYvu8hC,0,"[73,73]",-27
2511,1D4bxe8Lui1y5SpE2exTS5htqWt97iERDs,0,"[79,79]",27
2520,1AyS9EoiVjy97xMsqWP2gbJP7Z4dAdhHoy,0,"[88,88]",-27
2524,12iEQ5dHtpz3UvysUysDkumv3N4z1LED3o,0,"[92,92]",-27
2526,1FreYiT2YTv48LPMfDK4SeqjmWT5CCmgKk,0,"[94,94]",-27
2527,1La9r4BSeZGBujusjcNWiUVAVVcR15qYTY,0,"[95,95]",-27
2551,132u5gAG5YuGUi6ykdsEEtTfrZVacPCWJw,0,"[119,119]",27
2552,1EGNo3MtfJ2NkpAM6GsWC5btM4kpFjutnV,0,"[120,120]",-27
2633,1JecA4BHc3z5Zrjhcsg2nCsnTVB4XxD6de,0,"[73,73]",-27
2639,1QJ7J8qpMW14FBUyqjaMUDihsGy8N88UUy,0,"[79,79]",27
2648,197bMrqQEezwNjDc5wjEqozrkztWsKYGTH,0,"[88,88]",-27
2652,1DjnWS6RKZEi7tEHrnwZgfVbSj7oxZg1Fy,0,"[92,92]",-27
2655,14NwNKEXFQL3hubLivGwoyQZRu66kp5V9a,0,"[95,95]",-27
2679,1DBXSRWdbj7RC9ZkgP9irbA2SeP5hJFnyZ,0,"[119,119]",27
2680,1Avy5jbXm1UYhs5G2gmqhqABR5ZB1SdV8i,0,"[120,120]",-27
2761,1JpT7K3QQwHvMnpGw15ZsWFbXHhbcbD2N6,0,"[73,73]",-27
2767,1LpnNMQZcoaGveZfd16HeCoiTjtFtTCLnU,0,"[79,79]",27
2776,1GYUZ5RKi6oTUx7t9iXpYnL8DDXVq9H1Rp,0,"[88,88]",-27
2780,1A3a1czGUfooGUjJW6hJ9yzkAtpf31wNE,0,"[92,92]",-27
2808,1HAZX5KtU5HQwo1XmWFoQZBMMYs6BdJ6kx,0,"[120,120]",-27
2888,1Hv6u6qwoN1j1GMKWAmZMkJabMVdzzvrZj,0,"[72,72]",-27
2889,1K555qpRJJuZVm7ath2Lv5rbLfDGUvDxLS,0,"[73,73]",-27
2890,1CGMkEWHooj68hQjEGmuGwq5MEqL5KGLRQ,0,"[74,74]",-27
2908,14P7yKYiKdG5SqkbHSaTL6jXmXTgd3mYVa,0,"[92,92]",-27
2910,1E3nuvexijtSG9NcqP3F9meUup1KxdpMHs,0,"[94,94]",-27
2911,14UkLwoaYorLdGqyMLienKW1gbgiXrQ134,0,"[95,95]",-27
2935,14hDqiUod5qRBFuht5d4tNAHggFe29Wyi1,0,"[119,119]",27
2936,1AFUHWf11aoXWyeYRRx93qEm75bfx6Wp3d,0,"[120,120]",-27
3016,18SSgvGRfVHVmuab5vfjWWHuehZFvgFTx8,0,"[72,72]",-27
3018,1HToiHh1fnCJk2AKKm4VnLjL77Qhai4vko,0,"[74,74]",-27
3039,1NTXgVJvVVkArRaVbWHDWppGAyzwk8Uxr5,0,"[95,95]",-27
3063,17nbApcSFihd3ipMVmAoCzJVWCY2fFJh6t,0,"[119,119]",27
3064,1Pc4gCmYnTFnCnLmD1vma5yonqHHrRLuh3,0,"[120,120]",-27
3144,1LMZrhfJzZ7VaKU9uKREHYKugAaiEJ8QSC,0,"[72,72]",-27
3145,15NQywu6p2fQsam9MbryezJYP9AZuavxKW,0,"[73,73]",-27
3166,16ybnteiMLGXYFgtXq5bcRNhZcKteJTKdn,0,"[94,94]",-27
3191,1HQMxkLDX7trtdJWkCxJFH7gVYYtLjuVgw,0,"[119,119]",27
3272,1HxksKxRDy9g9GeaL3JwyYVdzwmTidQjzz,0,"[72,72]",-27
3273,1fmYsJ4RPyq7gpt41iqYaFijfTdQAJvNZ,0,"[73,73]",-27
3274,13gP1azcfnEjAjwjHavcTf747mP7uumn9c,0,"[74,74]",-27
3279,1N4NYXKpfVPaajbAfSVCWtdWxt38VbiybU,0,"[79,79]",27
3292,16kpgxrnpBTt4PbXq47AfJ12TdY2GLh7hW,0,"[92,92]",-27
3319,18mKU2wMsu1kMG6QVhfNQ4vqxUDvteemCP,0,"[119,119]",27
3320,1mZXYt4bFMML8cCAeVEkq9zfmFw8HTJT8,0,"[120,120]",-27
3400,1Ev3kDGCcBc28NorYb5ciq7TtXH3ipZqiv,0,"[72,72]",-27
3401,1HZHXf1YDR1HG1kffLCcP38Ex8J3ReNdrQ,0,"[73,73]",-27
3402,1C5S9gNX7EYHoVBnXx1yXq1r94acXS76xq,0,"[74,74]",-27
3420,1BJE8eJjSjxf4LbTUWspHdQQyf7G12AVE,0,"[92,92]",-27
3422,1G4Abcx5EDzJr4ERz7Hqh555ZaSCJyKkx7,0,"[94,94]",-27
3423,1MiZtscUAeo63F8t4iFEhQVigrMzZd6WMf,0,"[95,95]",-27
3447,1PxyrD6CeWZfzsxoc7oKGj1ZgKfaP5TzQE,0,"[119,119]",27
3448,1HSxNgHJtCa33vTXUf2ZwcyAcDC9Ax85n3,0,"[120,120]",-27
3528,1C3kAGvC1RZh2SBAEBbkRdPdfrqGkmRjY7,0,"[72,72]",-27
3529,1JPTaSjmNrmfwgPm8qpQzZZYqNecY71ddv,0,"[73,73]",-27
3548,19Brg6TFET5t8Wzm76joP3iGfLy2XSBf2m,0,"[92,92]",-27
3550,17eP6Hytpe9xhdvzkfL7XAvMoFQe5zo9sX,0,"[94,94]",-27
3575,16asJXtABA2G4fMbCNFPN2Voaem7y597gR,0,"[119,119]",27
3576,1DyCZP3hwVT3CptsN6UPLUCYGxvSM2AF6b,0,"[120,120]",-27
3658,1K5qXZRxB5Y9A1oSR6aEn6iu51chqZdGK8,0,"[74,74]",-27
3663,1Fz5LuLY3CAbvPH3DLMvafpeFqzq7GbSep,0,"[79,79]",27
3676,17GEWgpctdvoFMZu3eJ63CwUkWZx5Er71j,0,"[92,92]",-27
3678,1CAzhSfHd8iLG8jsdm32PheWM9353yjaVq,0,"[94,94]",-27
3703,16pizzgZteGHncFLADCdgZwpQWnv9sEhFN,0,"[119,119]",27
3704,172zKFnk58JobpBmfjD8ozhpBfJWye6rX5,0,"[120,120]",-27
3786,19f62ynMxojQMggbDgRxt8WyewWEwSQ6PA,0,"[74,74]",-27
3791,18dUWMmmPki3tJGq48v2GWbNEuckAQzcTM,0,"[79,79]",27
3800,1LEpTTqZvnyQtw5J9NcKPMUvh57np5oZNg,0,"[88,88]",-27
3806,14Ye8BBC6TdF5pKiLFsXFPfdEztunE5HXs,0,"[94,94]",-27
3807,1MibGhB7AWtVg6raoDpN3o28xygZxz29Hs,0,"[95,95]",-27
3831,1M9MSJV6x9wimw3UY7t4QAZwnnWBtTrdTb,0,"[119,119]",27
3832,1ME4M7c2fQKtqWFXsBV6cTH8oMCG7f7DRX,0,"[120,120]",-27
3912,19DurvmuZNfgVRXyMdL1ZCLvzvCLbWb3gJ,0,"[72,72]",-27
3913,15KEQYWpCGnfEFV4c5QCSTdMTxTvWLgXg6,0,"[73,73]",-27
3914,17UwFXcSdBXQvb8J64nmFzQjEbVVh4scNu,0,"[74,74]",-27
3919,1PS8FnmiLK1nvqEKfJxBMMsHnCvoTW37tJ,0,"[79,79]",27
3932,1Q2csjFxE5auKQiY6X22exj61bikfhCPpN,0,"[92,92]",-27
3959,1P4jPZDeQSUh6SGGJ6w3Kcqrfn8T3N1bGT,0,"[119,119]",27
3960,1uWoZxwZyMz9di3G7cY9BKEZix35SqNVc,0,"[120,120]",-27
4041,1AK8fDzd84gvDmAWSVkgtdLLF1ViMffwcv,0,"[73,73]",-27
4042,1H5xxk3Kkg1NJRAPgZEixm6JDzQ8RXULTo,0,"[74,74]",-27
4047,1N9ik6kBqviPLZAL2xwxnBrt25rN7wpJMk,0,"[79,79]",27
4056,1Q8Laa15n6x59MKaijDjAiMbHXMzUpnsuF,0,"[88,88]",-27
4063,1NxV6Whv9fq9gifxN1UdMf6ihARuCHdhP3,0,"[95,95]",-27
4088,1EaCExr2mSKRzupJQscQSEd1o5ghhYHdQB,0,"[120,120]",-27
4168,1BjUgH2BrkHC1roTpfgDVFe7senQe3NRpv,0,"[72,72]",-27
4170,16z9Zd2c8qGojCwhnruy29TrR1ErCgrmqw,0,"[74,74]",-27
4175,1AuD6pEahMqnyPaDmhRvtLdootFmo4kq5f,0,"[79,79]",27
4188,1MJsZmfKJwLne5v29KG1cLCC9jqcwrt2j,0,"[92,92]",-27
4191,1Ab9dJdPZVEyBGXz38FSJCTswyHjJHejwF,0,"[95,95]",-27
4216,19BjVsiZ4SEpmhGzvdsyZe1s4zKc8D7gGr,0,"[120,120]",-27
4296,15Gkhhv2s7xTRM1DHXZ29ab2Rf7wbxmMQ2,0,"[72,72]",-27
4297,1C5u6UB1nvLxYb4gfX8bDok2R6zJAmxDza,0,"[73,73]",-27
4298,18RRUY5WjwwC1cE6Y3rw8wamEJ7td2Jp6j,0,"[74,74]",-27
4312,1BUkr8ihfUUpgNWM3pXS2PRiqsKqRzR4VH,0,"[88,88]",-27
4316,1KUYdLFHxWpRLvUJxm5qE8rbnfJMmvYCNX,0,"[92,92]",-27
4318,1KQ4B4tpomnfuWgL9LcbWKPn2ciXqTKWed,0,"[94,94]",-27
4343,14Z4BzrLUBvbeq5NETGVkAtb9A6Scc4CdA,0,"[119,119]",27
4344,1KLVoqLcieY5hrXTfYWUAJi5XCC9Q9JBdU,0,"[120,120]",-27
4424,1JQFn9zRuCsuwUNV3hqeWQU6TPMTP1PxQB,0,"[72,72]",-27
4425,1GGCcsUcLMuhnG42hcW12cXHdp8SbW3M8D,0,"[73,73]",-27
4440,14hZG4iqKzD6oSudaiFeTyPR2bPnZsY7Qi,0,"[88,88]",-27
4444,16Wh6nx57afkcxYpqba1m3hsRUpPLnyMWT,0,"[92,92]",-27
4447,15AEyoReQZUzZKgfLGwJotNUxNPPUYUeed,0,"[95,95]",-27
4472,17xWcTYM9DgcPFJfhxLsZCgVdFFLGN92oN,0,"[120,120]",-27
4552,1MXnDHAuHem7QF16dgeBgQ5RfGVXqFckwN,0,"[72,72]",-27
4553,125UNAwC8JHp6TsPf6NafaTfNem5kjsrWS,0,"[73,73]",-27
4554,1FMLvHbLZynKXfAeLGfu7kj6Z2Gymjh8M7,0,"[74,74]",-27
4572,1HRDeLL2TWc51w3yRukLptbaszDFkdT4va,0,"[92,92]",-27
4575,1HTey2UJmBRduhrTQPJ5T8Tx2s8LxK85vA,0,"[95,95]",-27
4600,12PeZLRR2h9hv2sCfDfu5tQ9LyiPosXQkE,0,"[120,120]",-27
4680,1568nRDinb7LvqDKo7e4v7prKpiv31i2VE,0,"[72,72]",-27
4681,1F1dSaXwdHqu2y377EMA1dsCton8aW8U7r,0,"[73,73]",-27
4682,1L3powgtRyELFn56KTnW6q5CQL5X7x7C8o,0,"[74,74]",-27
4687,1LLrTqF5nHJ33FbFcEvSEw7ifoaWdKAiRg,0,"[79,79]",27
4696,1AJvxHoT1K9xqhuoCsGsSvEY8fn5eSEatZ,0,"[88,88]",-27
4700,1BSY2Gz8smyzFhL6kJDv6Eqo6yhfaS76Sn,0,"[92,92]",-27
4702,1HuH715dYvBJLgU6RnM5eXPQTX4UbBTw6g,0,"[94,94]",-27
4703,1MU4SnKyuNN6nNQRHxJfkpVCWAzwXAUuwW,0,"[95,95]",-27
4727,1CJjWXX7j23Czywp4iNPNuhzUxqgyeVY49,0,"[119,119]",27
4728,13H94E5KuqcucdQysQouoq5qdZV9NZ5fkS,0,"[120,120]",-27
4809,1PbQsxEyXiRbsPtpbLLM42F1tkm9TteZyU,0,"[73,73]",-27
4810,17o3gqG5MQ9zKBSfC3o4BkLXmvRTXUJPo8,0,"[74,74]",-27
4824,19V2fbv1vYS9VGYKMfRsDUkWCK1m8gn52G,0,"[88,88]",-27
4828,1EnwmNiVvkp3Syuc1ThUwfSQ1KqB5p38q1,0,"[92,92]",-27
4855,1NVCiHrJZLgd4MhJjPqpdPPCigwwgVxrqE,0,"[119,119]",27
4936,14KeLiosX66VAv3P3UG4XumGm4oSAYBWXo,0,"[72,72]",-27
4937,15E4jTLTWEcoGenBFxACRpEfLCSyW1uwrs,0,"[73,73]",-27
4938,1HtZE9oQGj8hMcEjpsXazNHKQf6TfL1U7N,0,"[74,74]",-27
4943,15b9EL6PGtfNeE3J4Fyv7ZQQQ2x2oXrQJK,0,"[79,79]",27
4956,1PgNJMkgr61JXg7Nh8LsuTvhJS7kntRmr4,0,"[92,92]",-27
4958,12DYfCgJDJNNdtduxWvQ8EfoEJMQkC72U9,0,"[94,94]",-27
4983,14nxxRwykz4WiRkn8Az3AQKHKSMVLWWomM,0,"[119,119]",27
5064,18bCRQYhK8WoKL92KrPaPNfhBCUKd76asC,0,"[72,72]",-27
5066,15wvh5biWs1EcN59NyxUA1J3AL5ALkYvX4,0,"[74,74]",-27
5071,176ZXyMtf62GT3gvqzCsTqSLoT83GxYkPE,0,"[79,79]",27
5080,1vGUc4fnaDBNZEjYMKTGRo1kCRFr9bMLM,0,"[88,88]",-27
5086,1NfoLFRJ8ZvyLc78h3Tzfi4YWCVXpAR2sq,0,"[94,94]",-27
5087,1FfCiMZAmzEc6VZ2o2F4AvKif223bnN9iy,0,"[95,95]",-27
5111,1LSjLQZZ3y9Nqsq54svPkqZjuLeuferDCc,0,"[119,119]",27
5192,1BLdJLH5AtYGx978tM8VfiZnj8b7D5Erih,0,"[72,72]",-27
5193,1PXtUotFRpAvjiaMWESfnfA6JpmK714pFA,0,"[73,73]",-27
5212,14SqnrkLCX3F4E1yVHrVzzmKhytgyZKoo1,0,"[92,92]",-27
5214,12YR2jCXvmNek6eHuWN46SM2LmxLeX1npZ,0,"[94,94]",-27
5239,1HTYmJQVcVDzBWuauRts93BJykXotHCa1p,0,"[119,119]",27
5321,1Hhoj3PJsWtLKsfvdUsw1wK1PWF74XefRP,0,"[73,73]",-27
5322,18S6gAqNEdvPSbGdnkRinR5MQBeEQYLmkA,0,"[74,74]",-27
5327,1BJHNAk6mw6AYLdqQMsYqv7brk854RNGnL,0,"[79,79]",27
5336,1FpNkbRbm38iHRZNeVivZWDVR3A5Y1Amba,0,"[88,88]",-27
5340,1FZhTdVqujdFwjNTdwkGho48fNXXDpHemg,0,"[92,92]",-27
5342,1495He4wh5LxRv6dM8cSYsKwidfjarJPRm,0,"[94,94]",-27
5343,1FnF3d79iFmgopBcqvf17iCuUrGAb9BGnv,0,"[95,95]",-27
5367,1M7a1KxDas1ron3hpqXJwLa4pD83DPHDHQ,0,"[119,119]",27
5448,15fjrjyEeioNE6ZGch2XaHNXNeW7D8pkA5,0,"[72,72]",-27
5449,1NisUpfXZpopDn4mVp5vSPgrzWTuvZv6gi,0,"[73,73]",-27
5450,1Q6XtAm7mRSwX5rQWDLuQQEbnQfDMzCCf5,0,"[74,74]",-27
5455,156gfNYQx7RiJ6eFN6FpkC8VvP2KNZa98M,0,"[79,79]",27
5464,13yYMaVm6fDvikDdDVCkXkLNcrVgj7bHiu,0,"[88,88]",-27
5468,15au4yqKJE5Gk6YL4dS3MmNctCy8DdBXqy,0,"[92,92]",-27
5470,1AKutroxLwy3RBQfzr83WmUUCa13QHGbs8,0,"[94,94]",-27
5471,16XCMUomoVTYFpjqXMNGcnkCJy3MXvGwir,0,"[95,95]",-27
5495,1LwBAYWrwp6FgHSLfcwrXEtd8ug7mLetww,0,"[119,119]",27
5496,14m8V5KE1qNCsEVBu85myRG1GJ6VF4TgPa,0,"[120,120]",-27
5576,1GEmNsEMJTtYaZDbxwJ3B2aiUUo71WVS2w,0,"[72,72]",-27
5577,15mTndScJHRZyfq752dobCH7AFHEjQBwXV,0,"[73,73]",-27
5578,1Lir6kszrZrLkzuDfWvtf79Q9gzQEs9Yn1,0,"[74,74]",-27
5583,17GQtjUp9vPA8QRtPgv92AaPbjMtTshL7J,0,"[79,79]",27
5592,1EXhwZuxQCXXeE2CUyN3RRwwLeaJ6xg9aL,0,"[88,88]",-27
5596,1Dx6uQR99KdRKyfXitpKysfT48Rs9tsVNT,0,"[92,92]",-27
5598,1LynnFey7W279vqJVMA8DF1Wj6uhPs2T49,0,"[94,94]",-27
5599,1JUfh8iHuhuNBMQ6sx7JShd3yvZMKPmX1Q,0,"[95,95]",-27
5623,19wgnk3a4uzgJxc2gNbsWeBDzbyVai5zwY,0,"[119,119]",27
5624,1MqdqTr3ro6tbTNS4VNdeXmQRngLmuN78c,0,"[120,120]",-27
5704,16u47UoZPAFctWshmC8CHDCgVy4ashLvcL,0,"[72,72]",-27
5705,1GDuwVtsfUCvxb1tnCipf3T4vCSkSTkWfk,0,"[73,73]",-27
5706,15zGWbPdqTXRTPFVmwKwj8U43x7bJy1pMt,0,"[74,74]",-27
5711,1K6GV5G1iTW9goPQ5TTjVosA9C29tsv7Cg,0,"[79,79]",27
5726,15D8JiodBF4dQR7iYe9GAeN4TUvBUe86Fi,0,"[94,94]",-27
5727,1GStor3LDJuYmoxENJPNtBPH2yboRmVAbK,0,"[95,95]",-27
5752,1KFHM5eCC9x3omKzs62qzXBq2jZhtBMy3X,0,"[120,120]",-27
5832,1DdFGqbQRLRWUg98w5brxCkH1NBT6r3MBN,0,"[72,72]",-27
5833,1EgqcgTcx3Usb4ADxUuJWHdqRRbLkUyi4A,0,"[73,73]",-27
5839,1A3Trd3EHkfwHEqFtc2QVHa9CvZ49qrDXm,0,"[79,79]",27
5848,1Mik5CuQCRfTukVcHPjTBJXQSyyvAWGsKd,0,"[88,88]",-27
5852,1LLdpypBfubMLXAoC69d3jASMSLGoHyJB8,0,"[92,92]",-27
5854,1G6AF29Kwrpvbka9uJAfLDf3LYJfSuNTE3,0,"[94,94]",-27
5855,1BtCpSAJ14d64ZHTqc6uqaLMVXoovTsSXr,0,"[95,95]",-27
5879,1Er9gNzaDTg6mLvQAmwwPj7Ye8gvt8sWVg,0,"[119,119]",27
5880,1ETtLfyQM2XysYZLXRoqtpGSTAStVJfxXH,0,"[120,120]",-27
5960,1PkL5xMWHnSfcyJuosUikfE5nFPPxcBRb3,0,"[72,72]",-27
5962,1NesXrR78S3C6VhA3Eomx2ERW1pq4XxouR,0,"[74,74]",-27
5967,1N83ugTSCFNtUs1RwKw2L8LhNUP4dixa4g,0,"[79,79]",27
5976,11FGUaLk51XgFuEwTgsdfbCLFbUhxfX5k,0,"[88,88]",-27
5980,1L3KVu8aWACfhe7oHru1a7NC9wSQutenii,0,"[92,92]",-27
5982,18MQuvddpsqzjhwRM34QbikY9PZnYnv1SJ,0,"[94,94]",-27
5983,1D2y4TwKwrHydtPJSGfkdLzkVYDYSUdDBq,0,"[95,95]",-27
6008,1EpJiZXfeXkB8huE78bVLKPMx7E3VaWs8C,0,"[120,120]",-27
6088,15UeGTvbggj7mRcTyNsYDJoRcVhEZzuiae,0,"[72,72]",-27
6089,19figBCeVCZMAyN6HkJew5nSWxvhe8S2zw,0,"[73,73]",-27
6095,14wS269chJ5cjwJAHKwzWivs1K4Nrq87N7,0,"[79,79]",27
6104,13tFDtPCK5qP1VmpWcw8u33CUcQMzTeNVs,0,"[88,88]",-27
6108,1G63NSXNrP3BQo6bBvgXuJteZPnzPvvJ4e,0,"[92,92]",-27
6110,1LtjzpSoefXzqYP9sUnKCzFHfBzsUTcHxD,0,"[94,94]",-27
6111,1DjgRdccroiFgMoxRgQmxoJBc48Y8mjF8L,0,"[95,95]",-27
6135,1GXVV1ca9C5okwc9P9M1Zav2N89PSrFKSH,0,"[119,119]",27
6136,16ZxXJbXMVpHGzAuJCF5p5JMZJvFdmcTDj,0,"[120,120]",-27
6217,14hCEaTLMkFwqwvLQkv72nGeYdt3BT9h9i,0,"[73,73]",-27
6218,1PyGJvZTBzWMokbnzCzE6SSXzhynPxShrQ,0,"[74,74]",-27
6223,18UZWrZxFJTcKtpHvSAC1HV9gPmENHBB8V,0,"[79,79]",27
6232,1PzYY3XfGmVJhqWTq6xGsUukk9K892dehb,0,"[88,88]",-27
6236,1BBfyc7Bkek4qa8Wyae2xMkKWcR83WxSUL,0,"[92,92]",-27
6238,1FufzmnYMiys5EPUivicvB56TTc5SdjCZo,0,"[94,94]",-27
6239,1GENtCgzLdSXHsR6GDtacDmRvKMUub6CHy,0,"[95,95]",-27
6263,1DJapsufjH82bwKEfudpRopVyCb2cwAszB,0,"[119,119]",27
6344,1PtXZsajYtvNjijQjtcvA7BpeW8ZGztd9c,0,"[72,72]",-27
6345,148DyyFuLwsetFcuAawPiUXDnUaUFAGteB,0,"[73,73]",-27
6346,1VTVCRkGPmsSft2pXdLK2oPcFxhZZqBd9,0,"[74,74]",-27
6351,1B51fpyMH9WaxZagfRoscpwjWscWgUJEEV,0,"[79,79]",27
6364,1C7fNerozq8WTtxMSN4i1pqKrQoQT1BVqi,0,"[92,92]",-27
6367,1DUmrRLtoAk6c7fqXnJhS8B53TLkCFBa9S,0,"[95,95]",-27
6391,18ZLhuTAFFJZ1D9Lb8jLw2oQNyaHd83bEs,0,"[119,119]",27
6392,1DQ8VKSGfK82uzTicNFKo7BgKupxRRVnzD,0,"[120,120]",-27
6472,13iMKfFKyWK8WJAf1e4xMVsYH3QxYRdzxf,0,"[72,72]",-27
6474,1MN4bvtmwcCNt6JrX27T5ciphfq17Vmv4k,0,"[74,74]",-27
6479,1Pant12FFQ1LMimeWdmZYybSg5YVdmuJTK,0,"[79,79]",27
6488,1BzrotnmGiTruFiyxPkBz56LzwHHx4Dek9,0,"[88,88]",-27
6492,1BJuj5znnAXhrSr4nNJs1QDBERmMzC3fDk,0,"[92,92]",-27
6494,19o1XagJTrhAdUPgYQ3TFB2TAgRYKL9iVL,0,"[94,94]",-27
6495,1LABzCyx3THmr3AR89q6DAKg8CD4wa8nRz,0,"[95,95]",-27
6519,13mZtQt2AceYpCmjtkngU6HjfjZd1GEJd9,0,"[119,119]",27
6520,1HAf7cYckwRZWbUR99KRjsA4nSCMYBxPLF,0,"[120,120]",-27
6601,13mF9QuqdLhekzEvX1wEprkp8F8gz38u2E,0,"[73,73]",-27
6602,1CLgV1QnYB4tbU28AdAqDzAvhSDQA2CqbT,0,"[74,74]",-27
6607,1AY7JY5GQc2eMDX5hpk3bF8J6K5UWbniHj,0,"[79,79]",27
6616,15eCbjbLFSfNkoMBHp9kKDxn3nJ32f3ptF,0,"[88,88]",-27
6648,1CkSgidQTe59M4GhpXaKQWsw5Ueq3WJmRt,0,"[120,120]",-27
6729,1NGk89rks86uEgjYgKXgBgB8NJiGhkUBaN,0,"[73,73]",-27
6730,1D7S46nHwAFGtRrdzHEE5RJBzQ4TBvcjFT,0,"[74,74]",-27
6744,1L4UE762qACyhLep39U2gmxwQfdpaVPiZy,0,"[88,88]",-27
6748,194FpctMYccgMPsMqwKu87wbFtMdXhpQ7M,0,"[92,92]",-27
6750,1E7BCdwq1KsNXobUVyiWgDxjRXUUYM6UYF,0,"[94,94]",-27
6751,1MjtfPVSF49YUrCy7aygpVY9zjvi9bFDaa,0,"[95,95]",-27
6775,1LBCCcFKCjQ1W2c42whVBKrhmbAZvFxd7k,0,"[119,119]",27
6856,15iuCCoS7TPcezCST2SB7aNSMb5pwqJKoK,0,"[72,72]",-27
6857,13KDhPo7EEcv6niv1p9yMnRXrBAckQiKN5,0,"[73,73]",-27
6863,1Jg4Mcp6AgbJtWtjmavLXCMk2ZeYA3oAms,0,"[79,79]",27
6872,1EzZSDyVn7ecW8NAQxm8QxbiVT6k5icptn,0,"[88,88]",-27
6876,154vZk48fuSzRDhCNcCF8m1yZ3LbjH8M8t,0,"[92,92]",-27
6878,12VaefdTi6BPqZRACTi4q8DSVCU9Bj9mCG,0,"[94,94]",-27
6879,1LotzPhWVZDyUFAmibhD4LuMY8DACM3TMW,0,"[95,95]",-27
6903,17guDz3MuxQYamseaBC6MWfMEH3nbcuKgN,0,"[119,119]",27
6904,19EitXtiBm5KkaZMhzxJ2VGobFtJBrGkkf,0,"[120,120]",-27
6984,1B1EojqvBDW8MBMRvn8CuSsrXgzC6XU8Ru,0,"[72,72]",-27
6985,1LjYHQdQevEqHMqo2AwgL9DGxxGr2TfNwc,0,"[73,73]",-27
6986,1MSm1KaTRQ5x5HzzSkvF8QEuQ41rFPULXo,0,"[74,74]",-27
7000,1FVRyiBFeYZwfG1LfE95QVM6NhbWxwqnbz,0,"[88,88]",-27
7004,1AWS3CvSxhXaRvccKEtfmVMGxRfqQMo6Xk,0,"[92,92]",-27
7006,17YLjsznkBBsUuqVeKGaS1u6f7CfGN18XU,0,"[94,94]",-27
7007,19rH6ouj9tkQFTmVac7DEZ8HjZqjSFgaae,0,"[95,95]",-27
7031,186NqHhVTHxQ8ZpayRjpScWqzE41gaufFG,0,"[119,119]",27
7032,1FRFJTzRMFbGtnDm1saPXtDnNEGp6ezSgb,0,"[120,120]",-27
7112,1z3Rf4ajaDJJTSUnnTinvn2up7QKF4Bx1,0,"[72,72]",-27
7114,18dvqdtBXqAeztyU2d45MeeTG8JE6mnfmY,0,"[74,74]",-27
7119,1JTPtxbN7qCeRCz2jrbDzCB13KWP22pWP8,0,"[79,79]",27
7128,1PRze8q36foEYGsD2FxHpPKrYyt7ryxZ8Z,0,"[88,88]",-27
7135,1JAtYkQHEEQ5JhmNr4jSRLJc7GYsTK7h56,0,"[95,95]",-27
7159,17DtRxJnZFXqZPU88n59xrNxmzUhkUk3sc,0,"[119,119]",27
7160,1JUabkmTZy9GmnwpjqDYrwJDvWXLAHd8x3,0,"[120,120]",-27
7240,1UQNEFXDXbYSUk3GYnHV3fuafQUhSHGQR,0,"[72,72]",-27
7242,1btRmZ1ZiPiS8R9N5aYYMDhDmBMfTUSaC,0,"[74,74]",-27
7247,1CrRys4ALijVbbTUQnK7JN8N6CJV8vbMQ4,0,"[79,79]",27
7256,1Q363DRukNSkiLvzr8uNauLJ4JesCHhHKb,0,"[88,88]",-27
7260,1CKHYRgzYjc11ScjBBaEEy4H22NEUiZqyD,0,"[92,92]",-27
7287,1LFsBhQxQWmfUyV1vpeiXG49J8gYXcLYaZ,0,"[119,119]",27
7288,1AvUgBRQgx9GNiLbzF2mnMXBFzKhC4G8qi,0,"[120,120]",-27
7369,1CV9GnLAj1YGVBRyS49i1tK15iJ8dDZdpB,0,"[73,73]",-27
7375,1mhLaYrMoQJNg8rKCrAKqVYnpshQHA1o3,0,"[79,79]",27
7384,1Kh6bWLPSsszB36wffRpt2uoxt6ygR45J7,0,"[88,88]",-27
7388,1HQAK4JwdMTUdW7R5ES3Guri9JNEW2GmTv,0,"[92,92]",-27
7390,15jzCKu3wrziQ9rZ6Sag8YTNuEPPWAwcHZ,0,"[94,94]",-27
7391,1BW4G6ChDkMA8VP7Q2N4ZkQFvzBYFzfRNr,0,"[95,95]",-27
7415,1BaZ6JwkPwBKN4xvjaGkq4Zxd3udwjB5Kz,0,"[119,119]",27
7416,18UX6z8mMg2LVY3a1izacT5njzNDRJZBkR,0,"[120,120]",-27
7496,18oVwwQ8ZCSvM2iw6ALzHRAGmVj88NXwNy,0,"[72,72]",-27
7497,18x8dnwhqzjcDSNLdJkM85mpnUKy32fswA,0,"[73,73]",-27
7503,1LbPD4KhKXV6rrJBihQf7tfHRTFa4qmETn,0,"[79,79]",27
7512,1H3F8ToE48dRBnYfJKUiMZU1U5iUPRnncc,0,"[88,88]",-27
7516,1KqNcvDuYKLEMvva5zbxnbex3R52yforGU,0,"[92,92]",-27
7518,1NrdpntoQURsqUrZyhqWPFaeNLFJdgGgwd,0,"[94,94]",-27
7519,1zuAqTPtT56w623J9zjcvzTJc68qgebiD,0,"[95,95]",-27
7543,1PsXLCqKPQKFR4EU3zEfjTecmCyF5JkYfs,0,"[119,119]",27
7544,16n7K2LxACFAAfDKdP78zFBHGfhDxb1CqW,0,"[120,120]",-27
7624,1Hizr7crfPYjyZvUcgseb8ggZBJjiMCtaq,0,"[72,72]",-27
7640,128b6K86QtY7TFuZZXKvQes6mQAJcjVDYR,0,"[88,88]",-27
7644,15o6kZUhj1CKmeGi2SpM13Bk9cDmGje2Xs,0,"[92,92]",-27
7646,17kAGSf9mAQXyinAmWaQ96H5s2QmpjnK8K,0,"[94,94]",-27
7647,1FE7iHg68ASfTewxr5XL1ydUFWruoK1vgJ,0,"[95,95]",-27
7671,1HVN8qw2hxHQYkzw9e6cEc8jozFgsGDKV1,0,"[119,119]",27
7672,1JADXrj4fv8Hmnt9eqEmJFgcpBMdFMyGEb,0,"[120,120]",-27
7752,1CCdYULdssRB55meedLNvxbAEGXk81oH2i,0,"[72,72]",-27
7753,1BM7UbSfpHbMPEBAik5kydVKDV9ivo4gg7,0,"[73,73]",-27
7754,1KoEGzmeaRB5MTS1WvrKnE4ayvphu715nK,0,"[74,74]",-27
7759,1GbYR3tu9yjzwBK84jNSRZkntdqNprGgpP,0,"[79,79]",27
7768,12FxvPu3V5NB163btxi2J65tnMS1Q6m14L,0,"[88,88]",-27
7775,16HtBsYVFZUq7Q95xvnxkeQjjGzHgWSkeE,0,"[95,95]",-27
7799,1J8m2ZVT918z8si3YTBFKwDUWNrRZCyGVy,0,"[119,119]",27
7800,1JVpN7DbpnM8uixZFyF7rNEPtJwog9HD9T,0,"[120,120]",-27
7880,19LTj1V27ays39pNEw1o6UmRuwwEPAo17b,0,"[72,72]",-27
7882,1FS3gBTBLw2A5oQLMeVnH4ibWmmJ1TDjvd,0,"[74,74]",-27
7887,1NorTqEzQwXtv8ann4H7Wv51XV5azAVVQ6,0,"[79,79]",27
7896,1762NXpHwMdLJoes3WjrNsQ3WEUCt9cNh6,0,"[88,88]",-27
7900,16HjEkbK3oVqCv8DjZxc6dY13rSA6oxSZG,0,"[92,92]",-27
7902,1MU7mUgARGmAEWUxdwVmMnMwAt9LEXMPWG,0,"[94,94]",-27
7903,1PMSrb6FhMoiT4D1drMVCjzCguRmwSMWF8,0,"[95,95]",-27
7927,18oYJFc8BWyx9B7xMGDSdWNRtboA2Qg9WN,0,"[119,119]",27
8008,1J4RRupcvwVZt5XVxFqfYRT2MepdrFuM1a,0,"[72,72]",-27
8010,198MK24FhV7HjyJfTVZjqPLCuN7NNppLxP,0,"[74,74]",-27
8015,1LVSXfpzkXLE6MxVpad4GKqoLFKm2WTFdA,0,"[79,79]",27
8024,1C6c3kPMvLuJmaUeZQHj3Fm6Ep8oNBeJxc,0,"[88,88]",-27
8030,12amCjD8Kf6mNgHyGJ4vWxVrXbcRyNbVKE,0,"[94,94]",-27
8031,13yLq9jtvG3SADgUNSEvShM3LjLfAfWwsm,0,"[95,95]",-27
8055,1FsRReaPDzGkzUvcRG2bGMVAfWWwq653X,0,"[119,119]",27
8056,13jT36a9jVzL1KUCGqBYt9LtcZsz1vPNfF,0,"[120,120]",-27
8136,1P9GZG4vyW4bXRrN4itSrrSqZ1vwabNPYs,0,"[72,72]",-27
8137,1BYN4qSmRp2eURB7j9Ghx273QM87gmVXh4,0,"[73,73]",-27
8143,18zGoVzrKmbbyCB85RVrX6jVGAqY4r4Ja1,0,"[79,79]",27
8152,19KcGzVSkuNasjchSFMLZ4tsbTSD1x1eiL,0,"[88,88]",-27
8158,15iBUncFwm2MJ4HKeZPRquaVnSaA83rPmG,0,"[94,94]",-27
8264,1MQcYa4L5RnoVhn7fLEW5ViHeL9pKY2N5N,0,"[72,72]",-27
8265,1KaNNtV8goUk9tJyAXanNzuiMk8xnzciga,0,"[73,73]",-27
8266,13qNkiPUCV9GyKxR28op5c7hRSr2vmH4Gf,0,"[74,74]",-27
8271,1MhZB4zFAzc7AGm1LoScrFMG9w5YR4g72q,0,"[79,79]",27
8280,16hCRDHC9Sjqc2R6gt3xcssb7aCBWDRKhw,0,"[88,88]",-27
8284,1AD9nVxvj9GcbwkmJHAVRmwzUvDgxY5AaR,0,"[92,92]",-27
8286,12927RaLjZYqAoqge47BkCKTR9obZWAfyF,0,"[94,94]",-27
8287,1BsboMJ2j8JwiHqbvJ2p5sLVbHwSYUrYW8,0,"[95,95]",-27
8311,13fBLbqJP1amLaYNxBQz4FLs6CBUMKk1WY,0,"[119,119]",27
8312,17L8tfCKGfczEeipzW1buW6obznozFuyfP,0,"[120,120]",-27
8393,17FED1KwjD4kZqKmt6jXTPy9Fw4JuV79Rh,0,"[73,73]",-27
8394,1pgTvyYWXUMrduMhJZRrUzMoJDE5859gn,0,"[74,74]",-27
8399,1EFuD3G32jnxFgZMeuo8JjyM7UUfGRF2wY,0,"[79,79]",27
8408,1GZkXaV2u6EEjkM1qYFUjZnjAyrVKy2nCN,0,"[88,88]",-27
8412,1JxHy3c9N2LGkt34Qo8GZ6BFUNdNT9caAM,0,"[92,92]",-27
8439,19gvUDGTPVjvzPmhKhYfJLkhTv1LjnVVUT,0,"[119,119]",27
8440,1EqiJ7gtp9wWqXtyhg7h4aNTLesiuCMDEQ,0,"[120,120]",-27
8520,1M482Khe6C4aPLWiUCCstsvXmuvSRhKzyK,0,"[72,72]",-27
8521,1QL1PtjuVVvt169EdmKXQYufQfGAiphtg7,0,"[73,73]",-27
8522,17N5sJRmSazytsaCciRCAW5iFL4nF8PZ7n,0,"[74,74]",-27
8527,15UVK7XrjqmTGJ4Mx7wGmW8q9Ug9TWKo3Z,0,"[79,79]",27
8536,1HkTfBN3ZdLSWaiMHBJ4P27nx13sfGYthz,0,"[88,88]",-27
8540,14kLqdYCqBKyEL19CqDy6xPsTUa6tQxDsm,0,"[92,92]",-27
8542,1CX572hGXSHByGhrBcaVrtRV6DRJ2LeHfc,0,"[94,94]",-27
8543,1Pf3zNc4CfZsxKngSaaNgsNU6hzaZacW2f,0,"[95,95]",-27
8567,12HFN4e55Y8SYojj6azVDjRDymXzC4ibCr,0,"[119,119]",27
8650,13cvb1YhzkssS4KMJR8uqkSXegiR45GA72,0,"[74,74]",-27
8655,1LpTCGAZM9XA46suToSJCC2QVqaeJrR9z6,0,"[79,79]",27
8664,1G89dqsT78wG4WXo33pxQ2jgetvjuoUK5J,0,"[88,88]",-27
8668,14bEeMfYbvAEeiyM8FrEEnbAHnzivHbx2K,0,"[92,92]",-27
8670,13Q2fo95B3vobe8ewRAN8LRFYiiukGrLhz,0,"[94,94]",-27
8671,13CveqRJQevEunAtKhzSrUwJ4Av8QLZg3q,0,"[95,95]",-27
8695,19GL4p7WqQWM4Nnc2PnvPBvTgwMHEXfusa,0,"[119,119]",27
8696,15xE5v4XoqLKCFCwzZcXDLsSCRUn9jioz8,0,"[120,120]",-27
8776,1Ac3MtYdWnnPZFNs98r3cNzfX3G25dGekZ,0,"[72,72]",-27
8777,1Eap55NMGVRdaikDi6r4HSzx1Qebzu44hy,0,"[73,73]",-27
8778,1CCPrtwHvGPwQpKaEJqgAzHXAzkDk1Znuu,0,"[74,74]",-27
8783,1Me5aJkx1RRiXgizz9qVbsZPqrZRFBgXe6,0,"[79,79]",27
8792,1K9Rob1MJSmawPTmRyGGrFAARPPR47NinZ,0,"[88,88]",-27
8796,18ov57wUTkeGRbrRwuJs18wRjKs95bfust,0,"[92,92]",-27
8798,1D1ognHAjeBXaxoaRfpJKkHSaR3jak7uUP,0,"[94,94]",-27
8799,1AtEQLDq3rJ5CbSGywJAS5bjNqzkyjFno,0,"[95,95]",-27
8823,1B74GrRe5FECKpWiccQLGfm5k6w78yjMiv,0,"[119,119]",27
8824,16wFUJJhWnvj9epqXX6YPLuaDNzDP39gnH,0,"[120,120]",-27
8904,17w7EVSyffa4V4aYMsCsz2mKQ2bJ5fkxHC,0,"[72,72]",-27
8906,1JCJyg1PG4gwQT4WZSN43tgm5TpvRnz6JM,0,"[74,74]",-27
8911,16RvhVYDpA2YPuj7W2fhpGFuaJcykCRqz9,0,"[79,79]",27
8924,1ES4NM8VHnMRGufVX51vSG8MFHgxPLXF9Y,0,"[92,92]",-27
8926,1NzvUa1mY3QuvE9Nf4KJAXsYQAHpe1Zoaj,0,"[94,94]",-27
8927,1CZbHkKJMHnoQqhxrexj9AXVMGz4wrjCry,0,"[95,95]",-27
8951,189icpFV2dJSydN5Rit98JYx5XcDhACkcM,0,"[119,119]",27
9032,193nwf64dHPC893Dv3ZyRfZFvcxKGQvedx,0,"[72,72]",-27
9033,1AWtDUvH12JvR4nfX7hhfejSoKLJkmBzH7,0,"[73,73]",-27
9034,1KsDzbW5GoKtnX7nujwsxY4BrnDbPuSEzi,0,"[74,74]",-27
9039,1DxyS3wxmSnybgey8UAw2awoGhTy2qxjA,0,"[79,79]",27
9048,19UiVdL8HDcGhd4J6GPY4czwRYQcVkHbdY,0,"[88,88]",-27
9054,1Ld1MHf6165qmZmQggUFLsFkND42UHGPsB,0,"[94,94]",-27
9055,1NkYcrhuxFCGH599VBzXfvu8iPi2oJLF38,0,"[95,95]",-27
9079,1Fm7PzF5A2HvLVEfgTF5TVD8zzGSPkaaVk,0,"[119,119]",27
9080,1JJkpLFA8u6K5dkfWhTqFPfS1Ur3ZrcXZ8,0,"[120,120]",-27
9161,1Nuqh16Z9vPfd9V4DdAEyL1dCS9fPV52bF,0,"[73,73]",-27
9162,1DEBP5stpAn5yNxPgmAq986TyqxUjEKJrt,0,"[74,74]",-27
9167,1KjCNjMPV5MYG4D7h396EquGsnCGNrk2dc,0,"[79,79]",27
9180,15d2tK53mu6MNJxDpVMQ52z7BfnEwSLLwr,0,"[92,92]",-27
9182,1AxxyQ3JgCKJFq5DWnFcjFyaVx7znUXaGW,0,"[94,94]",-27
9207,1DEyLgMsaBayksHAJb3f8YJYTZFMgJZ8Vy,0,"[119,119]",27
9208,1MwpW4ejhPoZVoHvKq73RvAtLeHobGc934,0,"[120,120]",-27
9288,1HQX5h9ncpA4BdH3Ei3Lh1vM3TATvn6oNu,0,"[72,72]",-27
9289,1A7aFDKBpS6zbKBCExXbf9z57tb3urTxho,0,"[73,73]",-27
9290,1MNzunEb2bTuv9sHojxqzNaLzmWdJbmkdP,0,"[74,74]",-27
9295,1EoUhkdrybrTWxkT4jt4JqeJK4fzz5HL9q,0,"[79,79]",27
9304,1CHfchGGJn7BKUjSMtYwwttsyWmUdsLftA,0,"[88,88]",-27
9310,1MbfdcSyCC8uykaz86xn4XqR4fnzAn2bmS,0,"[94,94]",-27
9311,17abQitRwtqSyCZo97jJC15MQTgTxDKPEa,0,"[95,95]",-27
9335,1GpkLyPoW3k4qfWQYDbXJoHkGRV4XLgX5C,0,"[119,119]",27
9336,17M6Nvgmq7runTFhZyCegwSQka4mCkR5yw,0,"[120,120]",-27
9416,1DJcmJCEJcK3T7NviunPqHYrp6eAM1KSUD,0,"[72,72]",-27
9417,12PdYChRm2Qq4CqeNBcoAz73VTHx9LUPEa,0,"[73,73]",-27
9418,1JFQCJCzSvqVghtMhK54eMCRYBZGA75vLp,0,"[74,74]",-27
9423,1Jvka6QtfUsq2Gq9RuCuCMXLQPhRGHrRfz,0,"[79,79]",27
9432,16SDqUffzs4MEp2fo1zqwtxhpXfByz4XGq,0,"[88,88]",-27
9439,1KJdaoHfuW7XQEDxVmZFPuNtWu9bAWWAN1,0,"[95,95]",-27
9463,1Haj73NPGdPt5p1f8yAqnoRigwUt7HoRQm,0,"[119,119]",27
9544,1Jon2SbXuGnPJvzrnFwvqLgCkGwxvvFwh9,0,"[72,72]",-27
9545,19bYG2ubCgYWqkJX2gy4SnCYkt9sP7CLyP,0,"[73,73]",-27
9546,19v8AfWuTA1EuLvQQoQTficHqGpqWM4QUf,0,"[74,74]",-27
9551,12QetyxWCaE3QPCdXtXGdEPX5FJ88Bg1o9,0,"[79,79]",27
9560,1QE4wsJ1rKmAVexvM8oTnE1u5SBj1DofTD,0,"[88,88]",-27
9564,1MQwA7MD836MSdwJqZvssDdcLoniRoT4Th,0,"[92,92]",-27
9567,1Mi5NzVmeAmfrumEJCqx4xASDabZ2nd9xQ,0,"[95,95]",-27
9591,16iGQfK19siU7M4NpZE9iHDQZL146HC2Tj,0,"[119,119]",27
9592,1MbKX6tcPjHdoFnP6kXFSzLjH5vHiZogFj,0,"[120,120]",-27
9672,126ikm6aTShFqpY6Lrtaow6E7mfjnGEgi6,0,"[72,72]",-27
9673,1JuPy3f1AWo71L7brGDXhG9JaKrDuYmRZH,0,"[73,73]",-27
9674,1CE8FiUhsZED9841Jf5kJW7tswFPMfZ4kQ,0,"[74,74]",-27
9692,1CKagrQ3jj41nihu6Ph5TfuxBGLvj3vbfM,0,"[92,92]",-27
9694,1K3bRk44JszERshChTzpXBvYLvp1Lb8wZH,0,"[94,94]",-27
9720,1JsZ2TvUCALy3RMjUDYZecT1NFxAjtDD8X,0,"[120,120]",-27
9800,1CB4fendZ4hv89Fpc4ULfu8Dj5DKHoNfDv,0,"[72,72]",-27
9801,1L3efj5vaBo6Rus8j2947ADyYwrRWUZQtC,0,"[73,73]",-27
9802,1447QgUUBNfZ94xnQ2DcaTudknA6q97ToZ,0,"[74,74]",-27
9816,1DxL4Q9C7YMyW1342hb9j98AmvhvwmeDZL,0,"[88,88]",-27
9820,1N3s9edYGEqFoFR1QpUvjK1YJCXeVzg4c4,0,"[92,92]",-27
9822,16j1Dcff41S8FH6mBzJPkTLwwAJTWhuRs5,0,"[94,94]",-27
9823,1GJmzymuJLmeqzhgbky91286GRhKZQFVYb,0,"[95,95]",-27
9847,19toHiVryozWKPQyc1anqeHs3xUhbCoPZu,0,"[119,119]",27
9848,15arpUhLsTrae2wmnrqGkW5nALPPhTMXYi,0,"[120,120]",-27
9928,16P421cvbkZJsmV3QVTeUF724XMsF57Nxo,0,"[72,72]",-27
9929,14W5Lege1KxPzmPr4Eum1nf1tabW5aojD8,0,"[73,73]",-27
9944,1PrfGKFbAM46YkP2EivAVsooV8Szb5dQqT,0,"[88,88]",-27
9948,1KA1nRhK8vQb7yXhFqjQiQPkjweNHa4QKn,0,"[92,92]",-27
9951,1H7cpwVV7oXMg1URTSEtP5ufgu5Znt3Hah,0,"[95,95]",-27
9976,1ExkM77eadKX8tHoZkVYu1pizCjDxvgdsw,0,"[120,120]",-27
10058,1KN8KVAk18DEbjPZKeQv3RRef1DgqznKwY,0,"[74,74]",-27
10063,1AXCqEfvVavHqheLDshBcPTfrBmqBvmLh,0,"[79,79]",27
10072,1AdJEggZajF3sMLYXGgdAWRqdMR35CwEWA,0,"[88,88]",-27
10076,1J3uXBu7CVuxgry8ksmk68vUnJqLVKTheM,0,"[92,92]",-27
10079,1DtJB7cGYYrbbGJGH3PFNd2HakfGgqNKat,0,"[95,95]",-27
10103,14fPPuoMgzRHNK9VvnfacLk54ig6DSp82T,0,"[119,119]",27
10184,1MWgZZXLR3tMBihJDvUaxmpcf6jHxAZXhe,0,"[72,72]",-27
10185,1Eh9twQyjYUHNWihjcLCR8odCpH3AP8DC4,0,"[73,73]",-27
10186,13xrm2WMStsUcdVds34YBoss9eJy9aubDS,0,"[74,74]",-27
10191,1EBce5AYCz8rFmi1xEdFH6njxdsomhbpaN,0,"[79,79]",27
10200,19XKWeo7bDJ9sYwoaC6DtXWNMURsh5rsw,0,"[88,88]",-27
10204,12CFbqckrrLQFvajoJ5WkMowPhtDAV2x7M,0,"[92,92]",-27
10206,129VRLqXdegRyuAdXH4kF5U5c9pFizwavF,0,"[94,94]",-27
10207,1BQzZVNa8LHwvbG7R9VSpecW3FKmQ5rqMb,0,"[95,95]",-27
10231,1FexZVYS6CAV4QGmJmKsMAnKSnCc7eAzfv,0,"[119,119]",27
10232,15F6mCaqPhDuxwFPFn6qLd6yDZPwnctH4Z,0,"[120,120]",-27
10312,15jHUxq6xjzxnTpXSFWtknDejLA8EdjxWJ,0,"[72,72]",-27
10313,14XwFaksswuFBATEQFBy7eFrqmhz7urb49,0,"[73,73]",-27
10314,179jfdwfzhSscy7aYKD533vWgsUL3yfDRp,0,"[74,74]",-27
10319,1BMmgLyGmnbMtVXiUp5GDTvNuZZkiyLW9c,0,"[79,79]",27
10328,1ALiTsXn2ufnE4mq3QbSFyTqZhnHqZgyeS,0,"[88,88]",-27
10334,1N6ykjkqPkGMdSYiRhWdfMYVtjUQ3GR3ET,0,"[94,94]",-27
10335,17tgnpXxeUHKjoT8UWNShPKVVqMNP1rnn6,0,"[95,95]",-27
10359,1EgG2Agfz3cS4c2v1Y4x67ipBCmjZer7Kq,0,"[119,119]",27
10441,198S7XBReEUfDMcnX7LmuNF3QgmXWLUf9C,0,"[73,73]",-27
10442,1Ds2h5fNUBws3pjgxCzqS8ZPNXgfmrTBs1,0,"[74,74]",-27
10447,182o8AVo1oZWb7bWAJ7EwzYdwHiXLQxg3F,0,"[79,79]",27
10456,1HFGJxwcsgrxE6eEpB6mmSeaCGGMfRHFfD,0,"[88,88]",-27
10460,149mgBdcj72VAW4QZ8YBxT2wZo2UsgYEJ5,0,"[92,92]",-27
10462,1JXcyFFF4RSyVqxTuEZWyCUoDbHQkEkzVm,0,"[94,94]",-27
10487,1JWuTsvokmA3VfkJ6xKCzZdPJDojB38Vit,0,"[119,119]",27
10488,1GjZpfvZCcHr1NNG5HZj4pszD9nHhfoPGR,0,"[120,120]",-27
10568,1PGK9MfsvXejHb9byCyFj1SSrp96VapGvA,0,"[72,72]",-27
10569,176RL3fDYGZDGS5RRWYv57t8en9c1EBYne,0,"[73,73]",-27
10570,1JubxtvjNmUrvupeSh9E2GvaaWj4kettAQ,0,"[74,74]",-27
10575,1HqDgpqVBqm2aw6iNo8WwPQLVHNtwX38dT,0,"[79,79]",27
10584,12sT2M3feXhE56WDgVdx7Dy8z27L3snMdm,0,"[88,88]",-27
10588,1GHdExmcpHrHHGnvUefMpbuTX57V6orjwt,0,"[92,92]",-27
10590,1BJ5phXmLZnUFAfFi5Brrc39zo9cKQ7JBF,0,"[94,94]",-27
10591,1GGR2JgpTQjaWywo5mZuijk4rpeHRauMzT,0,"[95,95]",-27
10615,18D1bM8mMrSj1KKPot8wZTVHAxsLDaid6R,0,"[119,119]",27
10616,1NPn8Gdyr7RhG5TbpkevqAAUfYTgWikf7H,0,"[120,120]",-27
10696,18WWRcUgu7KEZmcapXqeB7XX9riy5ZtjLx,0,"[72,72]",-27
10697,1ByJdVgZ8Bjjaga44bfqgB429Sgyz8SHKr,0,"[73,73]",-27
10698,1Ni96hEbTzB6dn565PM1WkpZqRDnWM3wPs,0,"[74,74]",-27
10703,1C9twRPPDMmUSYjhCLRSvQZJ8Wcq7bk59u,0,"[79,79]",27
10712,1Pnc75UgMFGWZU7VsYeXo3PK2dYWFwgAii,0,"[88,88]",-27
10716,15d8HdyPCaSPBG9V76yVTLjxCrpFwQjYAT,0,"[92,92]",-27
10718,1J5zPsheKWYC8aEPTdTkMDfbcFumsDtrsh,0,"[94,94]",-27
10744,1CEyKmLWbgWKLV5fx4SHg2LamwbjbMLwJ7,0,"[120,120]",-27
10824,1ErdK5ctNd7YtKsQzZCBBUV5mmpkPg2kZE,0,"[72,72]",-27
10826,1F7y5nrbijU9UG12CBtcAx28eYdRfKC88V,0,"[74,74]",-27
10831,1PCpD9R113fPwZgw8Ss1DR7TXFtWsDwqoB,0,"[79,79]",27
10840,152HKZycdL4pmqvH6172Gvu3BF4ztGzdnw,0,"[88,88]",-27
10846,1PH49xBNjtxumt7dJ5oKvuez7g6svdppY5,0,"[94,94]",-27
10847,1NXKcuLKcuaR58ySa2w3Ru4NA9vFF2VvTN,0,"[95,95]",-27
10871,1ATAhWKXPUQQV3FBDzdzYh9W3qeyj7Y2EX,0,"[119,119]",27
10872,1QEnVL7rveHUU96DfVRHmRw4a9TTgRG9fM,0,"[120,120]",-27
10953,1De73yzGdbrWce7eLWsrk8Mh9bEnLMy32g,0,"[73,73]",-27
10954,1GKKDxrtqJGk6bVTvKBTBrjHYKmwNr3toT,0,"[74,74]",-27
10972,1FSpHaFrTd3zYUsgkTfL4RUHy33SQb5NH7,0,"[92,92]",-27
10975,1NkvrBbgoe3qz6b93muz4UELcjTUW1gBtA,0,"[95,95]",-27
10999,1D4HnsG3NTAMKeHShzwiK1vuuxALxzyxdF,0,"[119,119]",27
11081,1Liu4EtZomzNcenvjXHyMWCYyAXhQuhjQL,0,"[73,73]",-27
11082,1HKn8FJwRL5XLkd3mVUwUspbYdGyrfgb7K,0,"[74,74]",-27
11087,1PoXGxbVQvosGVZSJ3C1bNH3XBVr5AihqJ,0,"[79,79]",27
11096,15qhwXDiJmKhZupBvVxPqmtyFxVuR5rX6w,0,"[88,88]",-27
11103,1KHQg6BgfzP8DjpriV71htvvMCwppX4zkH,0,"[95,95]",-27
11128,1pM7NP3jYw61is1BEg4NUSURySzNfR3CA,0,"[120,120]",-27
11208,1AKfDhMSZkBz3gBkfUfmVYp1GRmWCZqxWL,0,"[72,72]",-27
11210,1AzYSe1Bef5AhtQoHJNvWw4KgSxcDw6PpM,0,"[74,74]",-27
11215,12gB1BpQpMKrFMZpmLKCsUEChHts74Y4Mh,0,"[79,79]",27
11228,1Ak5ChMHb5Xo5euQkHGHFbkL231BRYYxP4,0,"[92,92]",-27
11230,199Mf3fuyQDLFPGrQpxyvnjhspnAJLigiZ,0,"[94,94]",-27
11231,14v6AW5eRYBqDtkdQnb85NKYSW4ZsJKMYb,0,"[95,95]",-27
11255,18ZUVgFyMrN1jrPK5netm8DuRSTadwU9sZ,0,"[119,119]",27
11336,1HKVuGSVVv4CJL2CpysaLW6WPVL5g6Kxix,0,"[72,72]",-27
11338,17D5tr86iB2vbmq1gViv8bDtdrk6DEEgVt,0,"[74,74]",-27
11343,1Ao8HgUCnasCLk6UhXg4CGRW3jxzxroGkH,0,"[79,79]",27
11356,1P8UKVNZdr4dQW5UpPTsryXi9jdEmfNWLH,0,"[92,92]",-27
11358,14bbPdfpA5HzCmYhzzujajGznLuwUFjbAX,0,"[94,94]",-27
11383,1Br877cekgxMXEvvQu9vHyZJM5HStHzTW3,0,"[119,119]",27
11465,19wDYnseG1YSRXBbxFkE3exJWf2Cz9Y6ST,0,"[73,73]",-27
11471,18ZkxZTmNhriNaa7i1VEgCujqxjuAmXNNh,0,"[79,79]",27
11480,127bDMYMqqgsGXtvQnuYSPAsKJMr4mseJC,0,"[88,88]",-27
11486,1JhN2XAUP2DFbrUM6tbSet69UumJbzhpDY,0,"[94,94]",-27
11512,1PjyH4eNy5hbyeMiDcsiPXuqxFN1aHn7F5,0,"[120,120]",-27
11592,15EjCqxWWEpGAaWFRBo4GQ4XxcgUPPmWvm,0,"[72,72]",-27
11593,1Q6AJdY9BQYVNCNuGxbWdWusfn7fWhnWdu,0,"[73,73]",-27
11599,1KDS5kZi9MaTiVBvFmtQncPPR5T4u8oS2D,0,"[79,79]",27
11608,14wkoBKRHkxRABcGHxpqDKNj53QnghpMr7,0,"[88,88]",-27
11615,122qRATK4LCfHztjpomzKjw5BmdLMGR5xj,0,"[95,95]",-27
11640,1Ki2ioKyALZd9t1wdt7AiEXWgieoZn8gHr,0,"[120,120]",-27
11720,13bY4gvHBRDZBSAgMLkaXJVaiztXQWzP26,0,"[72,72]",-27
11721,1EDad5kAynDcU81qwnqAxrv7Q3n1WeyvtJ,0,"[73,73]",-27
11727,1BWSykoPtstf7nwJ42qEAKhnd6KJiYu3ed,0,"[79,79]",27
11736,18R7GBqU7m6zPsUXdLL5YQWrig9sbbYaex,0,"[88,88]",-27
11742,1QJJ8gkjbkhxKuxQ5MABJGfiPWJApwPDRm,0,"[94,94]",-27
11743,1126GDuGLQTX3LFHHmjCctdn8WKDjn7QNA,0,"[95,95]",-27
11767,154eyvesFw9TAQw5u67TozTjno3Wb333Yz,0,"[119,119]",27
11848,182JTXXY1Q4yzmtWj4YRXxefZbhwMiTNrN,0,"[72,72]",-27
11850,1GvGirVAud3pvmvFSYytnxYovuopw5theg,0,"[74,74]",-27
11855,17eAmrRELNbffWg255YRZxc677GseWwJeQ,0,"[79,79]",27
11864,1XZ6Yg7EvRf7aJsWKZuvPZ9AVqrFkmhfL,0,"[88,88]",-27
11868,14SxRjJ92wbERf3mDkiSC4ZayqB9v5cdJc,0,"[92,92]",-27
11870,12chSdsRdEjURB6RfLLpos4i2NesicRC6m,0,"[94,94]",-27
11871,1FY2K3JX9QFwimxUrw6SSaSzuZ6a3mxDgu,0,"[95,95]",-27
11895,1JJJUVZnqPyF8UQvYKdQpfJMWVHMPHk7d1,0,"[119,119]",27
11977,1DkqRhwmRWCXh9HLZSgVCVYuiE2WQVjkt1,0,"[73,73]",-27
11978,1CRjQveWdAEEr4RLMW9yKcYt9FviXw1YvQ,0,"[74,74]",-27
11996,1ABPjfXzkoDxdZznDZZYvQ7HXz9w4P1aPn,0,"[92,92]",-27
11998,186aeVU5RYmmK2CWKS3NJsYH99VKvCq6yn,0,"[94,94]",-27
12023,1EiJmFR8bQbwjL5q7n44vLMa8zijayeovj,0,"[119,119]",27
12104,1Bkaw3QbxojyqgFdW3MXhoR56ED3SL6oLo,0,"[72,72]",-27
12105,19rmcrLnC9tYnM2bz2tHeygxgeiLGJFvRg,0,"[73,73]",-27
12111,1MYCru8gwuFfDhQKsWMndRUDy4bTWkLsve,0,"[79,79]",27
12124,1C4A35SPcGVLzoVVZHqYgKzSSAJtRJPWMs,0,"[92,92]",-27
12126,1G2yBmSuoQHAbNaKh4Nn7XQDqJBYPPpuvx,0,"[94,94]",-27
12151,1PBvoZkhMZXnNyUY6myPbZX7BQCtnzL4Gj,0,"[119,119]",27
12152,1DjSYJXPi3p9yXgjDEkYmg4MJ55BqLxjp1,0,"[120,120]",-27
12232,1DckS1TCpfyzoQTvQtiJC6uKqKZ5qTrY5S,0,"[72,72]",-27
12248,15HNjTiguHjrxcaq7exLAzEHxRb1iMpX8U,0,"[88,88]",-27
12254,14qtCdn2kJL7SXjw5z8UaVgdb7bcYSCZ9Z,0,"[94,94]",-27
12279,14uVquwHm3AFwH1mtisjMRJATms1hRZSX3,0,"[119,119]",27
12280,19cbWkP26BDeDxVRJwe1V2P9Xg6JJbHP1J,0,"[120,120]",-27
12360,1DaWYWSGsT9iqXeBENBJ9r17V7Hp3pHMDq,0,"[72,72]",-27
12361,1QCkv7ERgioLPnaTxrhpAtVMAcuCNBjU2W,0,"[73,73]",-27
12367,1L7WMzpjz8quJLYpPXrVB4tx66R1JDZWtV,0,"[79,79]",27
12376,1wyVyTpaumHSRwPjuZDmQECJSAurHWjAg,0,"[88,88]",-27
12380,1ASwupEp1LAzoAP2JdheKUoigJTJ54qqUk,0,"[92,92]",-27
12382,1LYRwg5VYuHAmoCJmvoHquh2sZEQ13xeSA,0,"[94,94]",-27
12383,1HBNrCym2uMyhMG2cirkzNa47pDEWmaWA3,0,"[95,95]",-27
12408,1KxzxWbmVH4RuFhGz4y6d423r4CVWZDgaJ,0,"[120,120]",-27
12488,1Kj3inJjwXxSJHvgYg6prbkHatEtj9De2H,0,"[72,72]",-27
12489,147bYiwR8KMCCENRBxgU9i5uUg9Ly2p3xz,0,"[73,73]",-27
12490,1MGkNasYjrotrNWh2khKDz6AzWrxdtMXDg,0,"[74,74]",-27
12504,14ahoVVXT9WV1xwna7nvqtqh9kVCVBRQYz,0,"[88,88]",-27
12510,12s3LDMo4AvaDUs64hgyJBx6QAqmKLPC2A,0,"[94,94]",-27
12511,1TgvRbUXAEgSNaErh2QUnv4iUsjAhEiNa,0,"[95,95]",-27
12535,19PLihvgUwcNHnyG9ZPTThD7CsNsRdbWMb,0,"[119,119]",27
12536,1F5ZxWuMR8oyJoPvUYoktLyPUa7aWUsBwg,0,"[120,120]",-27
12616,1FisjPuaCarwoiYtHGQxMkQyyKn9Ha5g17,0,"[72,72]",-27
12617,1JKnGEr3zNAJ6eVy7wRsreLR7Jpb5HmjFc,0,"[73,73]",-27
12623,1GYusBeEuccRJSxyfVvf7LGrYjN1CvgsPn,0,"[79,79]",27
12632,1EHB9C9Mm5aaRthvJqRm2hHZUaDDj3p4T6,0,"[88,88]",-27
12638,19sSWGJ1fSYQjDEQN992Thk3Ar6Q7KgM5M,0,"[94,94]",-27
12663,16SvWmkJmQRRfn3ynvqmTjLHJkgx4iLnS9,0,"[119,119]",27
12664,17NikXce9WxwiUocifehSLpgJT4rL5x2Pz,0,"[120,120]",-27
12744,1BAw8MD66gA1uKzxU81Te8nFw72G5UiP7e,0,"[72,72]",-27
12745,1BZCYskxwVVtPMgVVXrvJ3xV3hiPKm8NBK,0,"[73,73]",-27
12746,1CgVNcAosxqZiWpdqT9Uif1JiNZmmYhF1E,0,"[74,74]",-27
12766,1KnbRetsqrYNCFfb5878YL7EQo1JmXDBYP,0,"[94,94]",-27
12767,19hzqxqFT1xeB5CrckF9dpSeyNKZnLQbMX,0,"[95,95]",-27
12791,16WspmnzBV3DE2oYWPrXrYegRqPUdBgbYa,0,"[119,119]",27
12792,1G6SihBxDfDSnNb25K62dBuJH2M8rwYqcR,0,"[120,120]",-27
12872,1FWNfhihi8Q2QMFzvypVAL9fqapA9Wz79s,0,"[72,72]",-27
12873,1Loo8Lw74rtdRA6PqRho8nq86SrNSDg99L,0,"[73,73]",-27
12888,1NkbqHCDg3Syc9T52girGrDNzLfNaQLvPo,0,"[88,88]",-27
12892,1Fyy4oN5oZYQoDqPV5AceQjsDavHwe9iwW,0,"[92,92]",-27
12894,13aDG7G11Vhtb1XLc6zvYHbyWeWnTBHJGf,0,"[94,94]",-27
12895,1HuXLE3hzKqQWvABzfQh94ddvN6TFkHcL4,0,"[95,95]",-27
12920,13kdg8ve7ULyh5rUg6KHfkgq1ToaC3qdts,0,"[120,120]",-27
13000,1JrEWRAPFcZwxY1vi4zstRUknurD4NEpn3,0,"[72,72]",-27
13001,1C9f2BuvYY6jt9ZHSYqnDouoDBpLds1zXj,0,"[73,73]",-27
13002,14HpVTmMswrkBbyfHtx26bKqesbm6F36Cj,0,"[74,74]",-27
13007,1KA6fWKiGxP7mJFibUGVhNEP2UFzA818qZ,0,"[79,79]",27
13016,18pRkaMrPJczHtmkZi5g6haKYh4XNEGP9j,0,"[88,88]",-27
13020,1HyoxLS3LkYvqAx8rPBK1FkTpnQjab73wL,0,"[92,92]",-27
13022,18zGJ2vrScooQxBMFsGEpVG889YF5HPG9Z,0,"[94,94]",-27
13023,13yN1Vi2q3m1P8NtKiqcujfF63QuL51May,0,"[95,95]",-27
13047,126z376Vr4BhAFYpA7upL9C1jU86PHNwpQ,0,"[119,119]",27
13048,13RyT89RaajG7fnLTRzUygGrUf3rm3S66a,0,"[120,120]",-27
13129,15At5uLyvKP7ezKHPSy27TEB4uGMVER3ow,0,"[73,73]",-27
13144,1KH5SrvNhWHJXtLr5EnHsKywKGqGF5LcEc,0,"[88,88]",-27
13151,12r1dcdDQ7DMR6bVdYXb6GLT61mZA188N1,0,"[95,95]",-27
13175,1GpEuXRzd6z7r6JhmngbGo2oXxLzKwFshg,0,"[119,119]",27
13176,15XDXUSW8HMdGbVPiESHANvR2x23X4Fmuo,0,"[120,120]",-27
13258,1826QX753opN1ZmSaoxMRH4Zycu1xRoqFW,0,"[74,74]",-27
13263,1NbRvf7JZRGdPaPokYj162VQPg7ELUBksk,0,"[79,79]",27
13276,17QYoBEmNevYt5ENY1MggL3mKhqAAW4imn,0,"[92,92]",-27
13278,13CGUfgR7FRkych1dyJENAo1ELSH918ewW,0,"[94,94]",-27
13279,1NCQm5VsSK5rfSYDLPVBqRffxeBTk75Afe,0,"[95,95]",-27
13303,1DUtU31ePQAX1poofvLEdmDN56YoQspFzo,0,"[119,119]",27
13304,1KLMi14BVfe9DstFiqLdkDMqmR9rEUFsz7,0,"[120,120]",-27
13386,1CTAYe6uKAh3ScV3sYSzbJ1nyjyNgfnqv9,0,"[74,74]",-27
13391,1HarsPDAcxPSkzP7gThQCKgDFiLxH3p4Ek,0,"[79,79]",27
13400,1NCt6jiGrFE7XyZjmFjxYGnh2Ug4zzN1Cy,0,"[88,88]",-27
13404,1HUajGTSex8JEHrP7pWSi7MPi1G7jTsqVe,0,"[92,92]",-27
13406,1EagtoBTycCy9Z2ARG1DFhWPvUXuL2peoC,0,"[94,94]",-27
13407,13c5g2Jot4knAaqxGmuZSfqBLXXzyJ7kDA,0,"[95,95]",-27
13431,1KhjfwvyBUi7UhxCgxbLbWSsKuJRicQ8K8,0,"[119,119]",27
13432,1MnrnwAHhxuJmKmikA6rZQQwy3VHzLYRi7,0,"[120,120]",-27
13512,17jLo52tE9GzLknAkqnG9T3mFqMFoYSXr,0,"[72,72]",-27
13513,1JFWsmqjSayKsvYt9aHEPer1x42ygbBJtR,0,"[73,73]",-27
13514,1AWbpvRxA4vZw7LyP2BgsPeMCCP4i3HXgL,0,"[74,74]",-27
13519,14kBRLbnLCHqsk2Ui2oY1CCoYYvEPDid3S,0,"[79,79]",27
13528,181z6k2HYVexJxGR218rUzDX2eqm7Zej7Q,0,"[88,88]",-27
13532,1A2WrTmiFFC58hHBsta35QsbnpqfKXA4nk,0,"[92,92]",-27
13535,14XAVayu6oBGC966wEyAhw5Hhhxx6vSWjW,0,"[95,95]",-27
13559,1FyERYiSrhHiysfp3U8dRLAXkJXAFU3XMS,0,"[119,119]",27
13560,1PXZGKSHaRZAoa9NLH91VieS8kQi3zMJou,0,"[120,120]",-27
13640,18c1jri2xH8bjN8FBNt98Jjh4x1guGSLJZ,0,"[72,72]",-27
13641,1MwQjbDXShr954n8UrnswLK3nVpBvYUgsr,0,"[73,73]",-27
13642,1KhMQc2J4ussuB3mpwbJrLmGmESiG1Zf4r,0,"[74,74]",-27
13647,1HpU5Gf7yop4SDwQ7KvWfsQ7qasd2ritRS,0,"[79,79]",27
13660,12FR2JeiYfb8yCgCPKw8bMdwstZLHEZVkV,0,"[92,92]",-27
13663,1MvkH4j4hgMCMuAAjaLrZa3wLiUY3PnaHD,0,"[95,95]",-27
13688,1MJx2EMuxWeN5dqEFvs7qpqYT4dy6ET3nf,0,"[120,120]",-27
13768,16yztjUsQ1aM5Qem7e7c1GCFxLTxVwRLVo,0,"[72,72]",-27
13769,1BnhcPjCsde4z5gLToY7kF7iZ8XaJnmGoJ,0,"[73,73]",-27
13775,1KTkbmTpcx1wr4Y4bV6ESENrCJzRRdiyrH,0,"[79,79]",27
13784,1C6kQYNPVttnehKNGsQyTeQefWv6ihNiHz,0,"[88,88]",-27
13788,1GGMRmEyo9kk7kirxBAsYdzhUa3fqWFFXV,0,"[92,92]",-27
13790,1TaM8QQ3qTgj8KKNRJjrgyFfEFHAcFN6g,0,"[94,94]",-27
13791,1CpewSWNbc1VgQvddHShEouPHkAWfDig9Z,0,"[95,95]",-27
13815,1H2pFhpmmS5HBzDZ2anerCCsqQ2GAXTrvS,0,"[119,119]",27
13903,1CsrZQ6k5o6Fb39m2G8k94z85L4xVy6QD5,0,"[79,79]",27
13916,18qSaQsHcUt6fVsRRghYrjbVBwdoTpYTsH,0,"[92,92]",-27
13919,15nofJ7dbAhfBz65rzLMzNX36CoKaawsvy,0,"[95,95]",-27
13943,1rRjbeYWa2WPWgTe5zj4jKWAfieAuQh1U,0,"[119,119]",27
13944,13wnYPGeLhUMQqFViDLxM5WP6pfUyKFNoi,0,"[120,120]",-27
14024,1CpoZG26vso4nXeCxNwG4XySbUzLkFb2pA,0,"[72,72]",-27
14025,1CDZMxEdBQ4JyQ7eJ9xMpqTPfqNiVWvKbN,0,"[73,73]",-27
14026,161CGMNiaWBtJUJUyciYMYEjaimWiBJ3Bq,0,"[74,74]",-27
14031,14PR9xLfNWf9XAx3Xcu18kUkguxPw19DZB,0,"[79,79]",27
14040,1AGZvp5SRrD6Ryv98hTJAGizctZooD8ejV,0,"[88,88]",-27
14046,1FTo6vXtAt3NFjQ5YbVYYzL5geRA2BdhsY,0,"[94,94]",-27
14071,19h9D4NXJtMkzomKPMSrfXePx2GdsHs9ne,0,"[119,119]",27
14072,1Q18mwXdV6RHDHn6H6jSVT8vS87TqVMUdh,0,"[120,120]",-27
14152,1APR4HUKo1dUyQUYm2m9UeyP2LiZdJWe5n,0,"[72,72]",-27
14153,1Grfhh6zfWePbU4LWyZtqFcUDaJptXJLVe,0,"[73,73]",-27
14154,17uQp8ygGECk5AJ1Bs82RgH7LfcLLnxMsk,0,"[74,74]",-27
14168,1CPzehRXLkeQ52PoMkm8jx8tVYpQ3tWWZA,0,"[88,88]",-27
14172,13pcrfQH4P4nNdsqDdefwecsmF2BPK91eX,0,"[92,92]",-27
14174,1Ph5XQtNNZAcuBykpYPEyfQQ1j7xg3DptA,0,"[94,94]",-27
14200,1APAFy1pm9nBTRZeVkynhXNQBFAyCEEzu8,0,"[120,120]",-27
14280,16Sc6c1vvbqZc472n3HDLDEF3V5KMMe2d3,0,"[72,72]",-27
14281,1C7ZFEx8uiZ7ptjV9cEshVmd3XQNd7ixrg,0,"[73,73]",-27
14287,1CvpDLTsyjCTMmGc7YgLCpP4raSMJGnaHc,0,"[79,79]",27
14300,15nMsFNGxrtG7uQtksir1ZjnqpXN132D8X,0,"[92,92]",-27
14302,1DR8dczhTEjanVbP55eAKRc84of5bWuBqH,0,"[94,94]",-27
14408,1LTdxjqqnEdADJDXJGrBsLPrwiQyn8TGd3,0,"[72,72]",-27
14409,16rspPCe3dFqPJnx2FPWUn6ZhJT4aBf1Yx,0,"[73,73]",-27
14410,18pmWRHzCHbmiQD5mXGnq1WBAaqqGv7dy7,0,"[74,74]",-27
14428,1Q5RAw9ZKNSijPtoUZBkhx6LcnABTJy1Wh,0,"[92,92]",-27
14431,1A5AW24EpDDJZERNHr6xEe1E71DhjEJHTQ,0,"[95,95]",-27
14455,15H68RFDrzys26HPQA7JTEgpWYxbLGrpZ3,0,"[119,119]",27
14543,14RN1zyjDfiXAPWyhxHmBR6wbtB7voQP1D,0,"[79,79]",27
14552,17SxLVyo8JJaskboK1qVpyYwdnYsqESqMK,0,"[88,88]",-27
14556,1ALtHChhajYdcRdp3y9UTEAmaxdbiJQajF,0,"[92,92]",-27
14558,19ux4bvjWvqNiaF77fxj4ErdvdsiGTxUdK,0,"[94,94]",-27
14559,1CYj92YsKF61P1wLtUNCYP8bevaNRBGmaD,0,"[95,95]",-27
14583,1B3R3qAWinFx8Y4tvHStg6tmKCXmamn2uS,0,"[119,119]",27
14664,1jeohchqwCHa4rSKJ8zWEJJP5TBUREFNE,0,"[72,72]",-27
14666,19yJKSqpxkPyiof9rNviPkx6AbihPK6Y94,0,"[74,74]",-27
14671,14dhAFHd8cCEhPNpwueacQ35TBUtUonjaB,0,"[79,79]",27
14680,1AGswoRJvt925wByVZeoJmaCChAgNB4Hs2,0,"[88,88]",-27
14684,1Ma6F4EgH6SxT7z55NrZwkvkHBBeFDNTEA,0,"[92,92]",-27
14686,1MYbnLWWYfpAorJVSmH131x3HhNpLr2wXR,0,"[94,94]",-27
14687,1JXz2sLLDN7BUimzNU1hD9GQbMxfzSSkru,0,"[95,95]",-27
14711,1KLUhhEC6MFdrvbDqhxKAMPd7pTRN1bFd,0,"[119,119]",27
14712,1PYVhcFT4NSaFugVPkwCGbfCyPMLCxvfi3,0,"[120,120]",-27
14792,1H4mek94vT6YhUhNzinAd3zPrEPAw2rviZ,0,"[72,72]",-27
14793,1BWfrmxvwcGDtNbXcxapFm3z2EfU1fG8m3,0,"[73,73]",-27
14794,1KMzdVAtgAujchgezxvn4Vbwxu5z8qCroE,0,"[74,74]",-27
14799,1KP95gCTK3bMbLygVypZtR1A8RSC7waoFR,0,"[79,79]",27
14808,17gRiSJLyQZnLMasgmUGZqV5HMJhWN4aRK,0,"[88,88]",-27
14812,18sEcYmn7h3jtD3d1wGijbDZgQgjyrYpzv,0,"[92,92]",-27
14814,1P71RfwSUyxCrP7NcbHBou5dmaV8aH9JLi,0,"[94,94]",-27
14839,1DftQgpsbyebBkfMKCnfKff9P8oMgCVVyT,0,"[119,119]",27
14840,1GUo9fsDR6oxRFrjWo9yNfUN2BbUD7663i,0,"[120,120]",-27
14921,1LsZdororLqEGvNahonripJwWcbpkco3RZ,0,"[73,73]",-27
14922,14KXMjjSjtDyHKJcXhDhtvCf93nQ7yZasL,0,"[74,74]",-27
14927,1Agk1NVQjMMfVFVMFhMCqgHkJGpPq7Kfe5,0,"[79,79]",27
14940,1z595sQTWpxymju92QSrbsfLhovPkojHG,0,"[92,92]",-27
14943,1AADF74M9Bicom7cMUbv13AW4oJetKiypt,0,"[95,95]",-27
14967,1GfpLQxohJdACHBC73S8yZq5dcwyEkRVHV,0,"[119,119]",27
14968,127LJGQXFgMnya4yBhmqmBVgGeNVBUf9Hz,0,"[120,120]",-27
15048,1KsSb2rgLTTyx5Ep2UKu9Vw1jQC9dK4GQF,0,"[72,72]",-27
15049,15dUZAC257azw9xMFhYL5pSYdwvq7W2G5T,0,"[73,73]",-27
15050,18eF2qxiZecwq7BJQKjMhVSdUZkaZQ2fTT,0,"[74,74]",-27
15064,1PHE3KZaBAp7Pw4eTZZoF97VGZiGTo5Yyn,0,"[88,88]",-27
15068,1KUr42hcUVTZzkfE59MTz1JLUi5eaCQNSM,0,"[92,92]",-27
15070,1Kgv1g8zJ8eCJLSUznBdyarrUgKGWgQmBA,0,"[94,94]",-27
15095,1Mmr1TGJZQf6iBe6P7v3tSR7x54rQd9ysL,0,"[119,119]",27
15177,19NwB7AVE3A6YsNGWmGzU9y24vTLBK54jP,0,"[73,73]",-27
15178,1PjP64ASHY2SLjgXtDBGivve1yPPEbFZGK,0,"[74,74]",-27
15183,1A3XB9cuB7FsRV74Rij4TwWgYoFYwtCvjW,0,"[79,79]",27
15192,17JTvqUpnM2FFQMgKVaFJqukYiqVh2Xtma,0,"[88,88]",-27
15196,1389AbcAS3KBp5yM5Hpg3y5LAy32xefNxS,0,"[92,92]",-27
15198,1F4Aut6sRndkcnwXUXn5zywqDyp6Z1kUyB,0,"[94,94]",-27
15223,1DgwRC1CdhU818B6tyYH3jRyYqw6gX4b6s,0,"[119,119]",27
15304,15pET8ajFvwZ4v9iKYrGSS3j7NFDQiN99f,0,"[72,72]",-27
15306,1B9NSvNuojqv9uN9828jS9kAvskZtyG2r5,0,"[74,74]",-27
15311,1CuRnF2mt5kpDe2d2Ts8gjZo2BDhJPRjGu,0,"[79,79]",27
15320,1M12hBrDBS6kvSbwdGsZpoMAnBwokMawQK,0,"[88,88]",-27
15324,1BQahCq74ihzzgdvf748ViLeQedSKkKCVb,0,"[92,92]",-27
15326,16kbsDi7chGG6zPHTCh9iziyxVtfFGnmKt,0,"[94,94]",-27
15327,1CvYbYihSkUnpN1khZw34q3r6u6Me8gPEA,0,"[95,95]",-27
15352,1E2tCmkPoiQ3gHKK3hbjS1KhdhyywwXCNz,0,"[120,120]",-27
15432,1GmGBdi9EGAU37atYEkQVdthtgBdWoVjjv,0,"[72,72]",-27
15434,1D72MXsi3ZhAKPgkCJBN3JHjRFxHypTPRD,0,"[74,74]",-27
15439,1HXKzwVQW1N5nKwih9RD9XjrZqh1QoThut,0,"[79,79]",27
15448,1Ht5f4toGVrEUia3qqt6V56kkeJwW5pn9,0,"[88,88]",-27
15452,1HCDs4kYrqJYVT1U7cfyMGTF7Pz3mYxWiu,0,"[92,92]",-27
15454,1Ey819QyuESg2GybuJbAGddtX1qYuXjuUj,0,"[94,94]",-27
15455,1AQh8aQJUPcRw3EDa9fgLgp5B71T8JYf2u,0,"[95,95]",-27
15479,1NCTgjCBgtVxtP97uYGDBHyfxkht6rdU2E,0,"[119,119]",27
15480,19qgKK9NhbnQRPYPargktbQMyzjjekK9se,0,"[120,120]",-27
15560,1BnYq4orGSmgbZztWic1BxkX3qkdmYyRqX,0,"[72,72]",-27
15561,1CCfShmj3FpYgdCBNGZo7Eb8WkPp4kCnZ5,0,"[73,73]",-27
15576,19GSN9dsecwFjK4asnuTXwwDsvL9CgjeLY,0,"[88,88]",-27
15580,13wRYJU8Pkz6xHHbpdv2XkJsQndbybV7Go,0,"[92,92]",-27
15582,1FptM3bPjCjKQ4fkoSMTQZWSFxeWjPUdqT,0,"[94,94]",-27
15583,1CWfzUDA9LdxDKy3h1GUcZKbt1VvYX3nUq,0,"[95,95]",-27
15607,1BrTrLCRa4Cy4CgVEKrCZSfA6WA5ae17dx,0,"[119,119]",27
15608,17qe7vSqU13CGXH9if7gDgXeThPUHSi8XA,0,"[120,120]",-27
15689,1MVGJRtgpsruLS6YXipDYwvPevYpjVf4k7,0,"[73,73]",-27
15690,15z8ndQNTM2bYzKLpb9tKzZU9tJB7m2U6j,0,"[74,74]",-27
15708,15kET1sun8oxp6jSE6MHeZdnRd3yTn58C6,0,"[92,92]",-27
15710,1CBttzHSNf1HWS3CGSeSMKQMnNSPJBjzDW,0,"[94,94]",-27
15711,18cNNmQXEZPQiCFSUpRJJnrVcGZejcpcJ4,0,"[95,95]",-27
15735,1NcbrCEvimLpuYB5N2AtoVYKhHw4YjpUQJ,0,"[119,119]",27
15816,19v4Bh6VjFLbo6aUFx1JBdjNqjeXCBxSpf,0,"[72,72]",-27
15817,16aUfw99Gk9oZvSdpr57hZkg6LsTwGxCzv,0,"[73,73]",-27
15818,1HjSb8TjvK26RUCCUjZeymEQrDyaePMmxo,0,"[74,74]",-27
15823,1Cq6rZiNhRFXDucTKJkBw7etJBhc3hMRDq,0,"[79,79]",27
15832,17XshLSB9Je5CxtjSzhGxDd2LwNLPmgefE,0,"[88,88]",-27
15836,1GXC5gQ56mdFkUAVLA8XGZMoRVyF6N8Wui,0,"[92,92]",-27
15838,1KgMBEMYv3tyXQGzAFAzDRNTGXr48VSt7d,0,"[94,94]",-27
15839,179mw6GyNwmxLLgJEqNwaySfRoNFv1QrSq,0,"[95,95]",-27
15864,15Cdkd7m1Eqzju6oHbWn6pFKsXpW9rFXAS,0,"[120,120]",-27
15944,1cA3EqR3JjDLcuP6YZa6UidzTtdAF98wr,0,"[72,72]",-27
15945,1MdpnuTGfpPfDnmpRgVdjvePXEEaFX77QQ,0,"[73,73]",-27
15951,14UXJQaPVVVLzFQ9gVA9HhJMD8UJMGU93Y,0,"[79,79]",27
15960,16etw9iPEu1ZhMBUzyRXjt44Roo5mPQNwQ,0,"[88,88]",-27
15964,1KzJiGt3Sopp8iNRiEBkC5cfRNP6JMHt2S,0,"[92,92]",-27
15967,1PXEMhMarvaXE2ZhLCdLMqugsiQA2f5dNk,0,"[95,95]",-27
15991,1GY2waK6jHmFMwDa3iD2boKPzVZxzQschx,0,"[119,119]",27
15992,1CeCX4BYqwz7acAW2V7GmP7EY6ckDgYLD7,0,"[120,120]",-27
16072,1FrnDKNB2iZyshmQWS4wHyZck4XYXpcbjx,0,"[72,72]",-27
16073,1KJjBhAbGsoxbg19wCRMyaJwinuPvNY5qN,0,"[73,73]",-27
16088,1DX2HCuFhgsJg3r2DweKX1wRLXYXbNudBS,0,"[88,88]",-27
16092,1GAWyoHfXeT27FERUXX8Hfhz1AzWvtgw6N,0,"[92,92]",-27
16094,1BpZvUTiF3jiJNy56o8Wx8sTveGbmPXzuE,0,"[94,94]",-27
16095,1HZ2gLaq9w4mkKx2HassvKzNgTnoaZpmqi,0,"[95,95]",-27
16119,19u2xJ68n8WwhrGAtKYM2nTogt6Rb68CaT,0,"[119,119]",27
16200,1HJF7oEqNU19tp8ZGFzCAYj3dYcgp1REy4,0,"[72,72]",-27
16201,1DVRf3dcEzYhrzW5uLYkAZQuD1eEhGXQpg,0,"[73,73]",-27
16202,1G2UsDE1m4YM6kydgsSLJXhKmJeArCyMX,0,"[74,74]",-27
16216,18XWvdDU6QDLodvyV2rfLpP4aJzXAbD6ze,0,"[88,88]",-27
16220,1QBN5jsQPsacFs4p7uaizTcepZtx6nFjRH,0,"[92,92]",-27
16222,16oJnjYrCdupJ5gdgFnUByUjQ7DJ13uGSk,0,"[94,94]",-27
16223,1DKTZ7rFRsw7CP9RZ2dEqp3N3Ai2HUPmQB,0,"[95,95]",-27
16247,1R8vAfmRiARWU8KM7ebGbHB7TYvX1sWav,0,"[119,119]",27
16248,1Bdfqw5ziBYHP6zi3gUc8jvM9DXHgSH3Gw,0,"[120,120]",-27
16328,1DYkQPFWFbA7zjySbXwvU31a41156Mp5MJ,0,"[72,72]",-27
16329,16ohc9UdtqBEMnZCXcnF9mjyJqLchS1HjX,0,"[73,73]",-27
16330,17mwttiLjkUuXZNW1m9Vq174gVeRzhp3x8,0,"[74,74]",-27
16335,1MLvvER4EGtu236stW6PNKmthAhGQDy4yq,0,"[79,79]",27
16344,1GyRXcn3Xu5U56Nd16a7zKwMFNFtRSUxki,0,"[88,88]",-27
16350,11528XUtGZu1Yp49R5qTWmTeeRSBo28VHf,0,"[94,94]",-27
16351,12W4aKnxPk8vgFb13JfSSiv6zHAsrM33NQ,0,"[95,95]",-27
16376,1L6jdNsYQYZvKdT1dAqUFVUKQMmXqJ9GrZ,0,"[120,120]",-27
16456,18NzYjTCPT3RGCrxycxkviSztQbDeyQnH6,1,"[72,72]",-27
16457,1Q6J3RmAvwFEJWWJgiSBEyCJQ1ub8dMZ84,1,"[73,73]",-27
16458,162SYM9BELMKULR348bbQJRPrJ7HpK9y3U,1,"[74,74]",-27
16463,1LZTDQ8oZqvSAA6CGYpsrchomzPsvKnRSF,1,"[79,79]",27
16472,1PVjHzRu444MXnajEh8pLnspckwVTjuVNe,1,"[88,88]",-27
16476,12EuQ18zvVGNSBh6oPNqRoCfKQvSrpSAHx,1,"[92,92]",-27
16478,1BgRjNH2sxhbqqy8oWyMJApu5sT59HHDKt,1,"[94,94]",-27
16479,17TK2Kx9aT36eTzpro5wbvitmrVwgQZeEJ,1,"[95,95]",-27
16503,15mQCN1Yd9atFPZmdVQnbMk6smeLugbVrM,1,"[119,119]",27
16504,1L8vN8y88sq5C3YxkeocjvA2RqiFDi9du3,1,"[120,120]",-27
16584,1HsrUkhiKKu5yTrprBRkDLJDi5rsYLc7yb,1,"[72,72]",-27
16585,1HhGvyvbjVFMgt6D8MRGQR49TaVRaQcB2C,1,"[73,73]",-27
16586,1ByQpmhtSXopLUzMNnMXEuc5ovMNXSd1K7,1,"[74,74]",-27
16591,1oho54h9uLLEzDHk9L7vALM6gyrZuLqPJ,1,"[79,79]",27
16600,1ATzX9Eowi6s28747dtvGhCun3yDt4JzrA,1,"[88,88]",-27
16604,11f9jCPEYg54qTjPeCFS1wLHaD59shf1o,1,"[92,92]",-27
16607,1KQs4vPFnSghpq7ydFDcQKoiemsUh8cywS,1,"[95,95]",-27
16632,1AeH6AXPd7etfCHyvVxQBGh1QRC7RcMgBg,1,"[120,120]",-27
16712,1EXgweaYq4siDhwQfvsXYKr8NTSbczLco8,1,"[72,72]",-27
16714,1Ft5kMohSeX31qbm6JG4MWUSuWUuauJBz9,1,"[74,74]",-27
16728,1nnT1Yzikx9jst1j18nSjYgc5Ja26iXgd,1,"[88,88]",-27
16732,18kSgo4uXUJaYdbXgF65qvZRs4eXNdN7AL,1,"[92,92]",-27
16734,18FaU7gabKW12UXB3C9wtjG6wEHDt6LU6L,1,"[94,94]",-27
16735,19r1yimS61c1A31EsxT5NATLk7ZGrRgfch,1,"[95,95]",-27
16760,17LeThQp7fnMA3Jowe1bydkvucm1CyLFum,1,"[120,120]",-27
16840,1Ej78BXmPWLjY6oHyKNVXQ5nLNRVcC8igX,1,"[72,72]",-27
16841,1CW99CdTzp3Q899rTMwRNp8kZQF4bKEteT,1,"[73,73]",-27
16842,1P1TBNbNPEkPKFcz71AmtU5JcFY2QkVVrk,1,"[74,74]",-27
16847,1BatsmCgzYjaygMKj7zLDFQ4HHusuWhzzq,1,"[79,79]",27
16856,1G6T9ZoUFsUY7PimtgV4pQpSpNonQ6PXU1,1,"[88,88]",-27
16860,19hX5LBPP3WqhevPariHVmpog9vUqa5nzd,1,"[92,92]",-27
16863,1GjxsdA4ktShz7DgE61kaBDfpdBgumH5AB,1,"[95,95]",-27
16887,1Ny6c6hxV4AVvaFx7RGiQJDTfNxYxE5XDS,1,"[119,119]",27
16888,158q1mxp17AoUWfKQtT6YQ2Ky6odNpDmQb,1,"[120,120]",-27
16969,18hFMsLQoTM53cXTD52XpK63gk5gKrQzm5,1,"[73,73]",-27
16970,15g4LbcqbhHQBz9RhJmJn63ZKhqygBkCQv,1,"[74,74]",-27
16975,1AmXz2KZNRKVoRBq5x8osD5yVhLWeMigvG,1,"[79,79]",27
16984,1854FwRJ4AwzkjycSGA9jvN4bX4v8P4yxb,1,"[88,88]",-27
16988,1EK33rnPYhjVWfAPNCUe5ZKMP5W9uHm7T8,1,"[92,92]",-27
17015,18ezJowbZ7v1q5SWETR5T3E2FeX7xsJDAG,1,"[119,119]",27
17016,1KkNKYestdRynML9U3h78PEYz2yBuz4AJr,1,"[120,120]",-27
17098,1Gx5YN6fy9tRqKDmFBhfohwXzHuXit29qQ,1,"[74,74]",-27
17103,1HTD7EDDnY1p35BAjpfWuabAny7vF4vpt9,1,"[79,79]",27
17112,1JLtUsbis4AntfJZJzrjUSTbnKVgy6MM4m,1,"[88,88]",-27
17118,18fgsTFTVcbNXtzQiDeFnvAvsWQsz1jEMa,1,"[94,94]",-27
17144,1D8rfs8bt1QDsMQxqKaQioGHaYyVFVdUk3,1,"[120,120]",-27
17224,1oDcLkrzgXQjogMvz7TTDNtCLcyNyK2K4,1,"[72,72]",-27
17225,1GfxrTFRmBF73TBNbU9zgUxMaTiFtieG4j,1,"[73,73]",-27
17226,18ZdCwWSmVPgpL7eh45xwTHvKbqavsauxM,1,"[74,74]",-27
17231,1JmN1PpaAhm8nKcDUQqHFk9zvGWQa9TGff,1,"[79,79]",27
17240,1JyS9FbxCvctQFeq6xX3jxzMdUrPHP7hWN,1,"[88,88]",-27
17247,12pVxgAS1eWdcFLhNQmtyZNsURA7TyA1wd,1,"[95,95]",-27
17272,16AUp9qnLZ8EtL8Dme1pjJQBdVzPLekAB7,1,"[120,120]",-27
17352,17pzM1Y2Exg5uadP8upZx3d9Rf8SzF8iNf,1,"[72,72]",-27
17353,15mUdKFizhEt1vktGZbkcsH4j6C488DM7N,1,"[73,73]",-27
17354,1wC3mH7hFUjw6NGzhxtWiennZS26yvnHq,1,"[74,74]",-27
17359,1KX4RVmL3eAkctDsDpHn77ETE29YinzrLi,1,"[79,79]",27
17372,1JQasnLDg86adfi6orGwsdWxFsRVnxnVdy,1,"[92,92]",-27
17375,1F1Wc9cnnQXNT4BbSB3o1Ns8h6DDtQHicQ,1,"[95,95]",-27
17399,1MAbki4tVBkYHVgLX1PbY5nwpS4rWCWV9v,1,"[119,119]",27
17400,1NsgjbqFQ3X734gFzPqtwDbzxTecDXk3wg,1,"[120,120]",-27
17481,1AUsFtGVGNYAqND9eKVHtkJQgBaYKYNUmt,1,"[73,73]",-27
17482,158eQxSdWNGJpXmpr9CxsEfoUiY97G5QqT,1,"[74,74]",-27
17487,1Gj68dYtcCrRm8BkJJXJH9dgSj8ENoTTUV,1,"[79,79]",27
17496,1PdSEgdJvz5L4m6ECEnUDrWkp52ryGK8RN,1,"[88,88]",-27
17527,1VoGXrADm8AmCq4VVVYvYFWZAYwsvUgfA,1,"[119,119]",27
17528,1DiCJZqSYw7U5CpyhxSkjKy3oAGKhBKG7r,1,"[120,120]",-27
17608,15Qsoo1YHi8wTubK4NgA5DQedRpXfbdNCQ,1,"[72,72]",-27
17609,13TXWjpbnF7A5dhSV2VKPR9nfeWBi9bShw,1,"[73,73]",-27
17610,14ASgi4etLSKiAJTPXyo5vZXXtu4KM4zHH,1,"[74,74]",-27
17615,1PGXCaprPtn8FBNcWz8iNjsV7Nk4TVKXpx,1,"[79,79]",27
17624,13uvc4FoSFtpjKCtxUNDGK1fcGN35QroaU,1,"[88,88]",-27
17630,1NQc9EomG3ujmWQuJ5Aann1hgiEqKYMw48,1,"[94,94]",-27
17655,1JcZSTjESmga2D5Q8gnrThi8ZnmYdmvcEg,1,"[119,119]",27
17656,17n4kS3Ywzau65nsPbkVjdRBpFETfmBJ1A,1,"[120,120]",-27
17738,1A31tZLyBz2ppg2y6LQEiD5oVTqrvC8xMm,1,"[74,74]",-27
17743,1LW7erZnXcXubz4BNx5t29NRqyfyw3jY7x,1,"[79,79]",27
17752,146L5YRVCAqZYpc2DXoriUs2U89QtprgYr,1,"[88,88]",-27
17756,198LV1upFXVihZsky3n1MjFgSUiDg6vgGE,1,"[92,92]",-27
17758,1EfLVVh41XFZWm9b7Uxbv3TxfB4M5SHDRS,1,"[94,94]",-27
17759,131xafUqgYZqgypqGcT1esb15YBCp2RXfk,1,"[95,95]",-27
17783,1h81UA3goXU9xC5cd9PcZqhmhesWZPKFy,1,"[119,119]",27
17864,1PujSibuQCdTz7kiSxFX39eZjhd3pr3Rfg,1,"[72,72]",-27
17865,1FjMWs47KfC3NwKZtpXFDbCctr3rK2ixaP,1,"[73,73]",-27
17866,1EpuQxm9qUeRy82PPZe551JUhhLQwcLo4Q,1,"[74,74]",-27
17880,1N23zHwq6yRrWLzGxzYz4tSQQG8PjHqa9r,1,"[88,88]",-27
17884,12X75DrFjyC4wvdfu6VsVKxeuEmKbXkSNZ,1,"[92,92]",-27
17886,1CkvFmdH4WaY5MANFXnZeCUX8hQ7CEy1mc,1,"[94,94]",-27
17911,12EPrw5mjeaNDFLDqTLLQSTPtg5MTSmiz3,1,"[119,119]",27
17992,1FHJbARPBxgaeK14xf9hhkkWfxaknUUiRr,1,"[72,72]",-27
17994,14VuRkKtop5s3W7Ce9ssc75wiE3mcMeLUv,1,"[74,74]",-27
17999,1EHuQd4XuEyu4k2jc7LNrna8LQjk4SHCzF,1,"[79,79]",27
18014,19QixPmPZsEXJ1sCBR7t1sipDNxXnr77Gt,1,"[94,94]",-27
18015,1GPpmn4TB9At69VVjXdG7tLvWdkYzAYBPF,1,"[95,95]",-27
18120,179X7hzmLUKSrxJXCW4rKonXRaPy4e6oiA,1,"[72,72]",-27
18127,14UQgBD4Jdecfe7GSqmQ9utRPxwCjpiAen,1,"[79,79]",27
18142,14da5QuTPSfP3SGwxxVzCi99htYocLYzuf,1,"[94,94]",-27
18167,15ZRGugsseehjD7wX1RhAy35o1zcdyHpzY,1,"[119,119]",27
18168,1GyW4bJd1bLmv9TSju6tSVqWiVQvk3TyGc,1,"[120,120]",-27
18248,1KB8Qt7hfM2fJpXaRYbY1hgySk5LF9KkQe,1,"[72,72]",-27
18250,1LYeMePK2pNFLiLjVQd3vcNTZVeYJgAnyq,1,"[74,74]",-27
18268,1EvhL3VJoUDBGRnk3Jvd88kopy1k9qrvgk,1,"[92,92]",-27
18270,1KvurUGC9fa91sNkX6FaWgkCVzZvmodKau,1,"[94,94]",-27
18271,1DGsCqZz1WAdk2KnJWz6LhQDnDVyNxRU7H,1,"[95,95]",-27
18295,178iB2sQNcjH2GrYNqT6eUjVjutGaWXwid,1,"[119,119]",27
18296,18kceTkx6Eeg839bnXtdv1NSScakS4fRYX,1,"[120,120]",-27
18377,1Fg3WUX7c4xfYEAaDy9bhnmxhawFXhJMpn,1,"[73,73]",-27
18378,1LxPCwhdzxzYHSRWfbK1wSC8Ef6qNbW7s3,1,"[74,74]",-27
18383,1HgBtnwnKYzAepX4LC258rUX94B8a2JNTj,1,"[79,79]",27
18398,15LVURzK1rhcnRUsfpDkatF7tZQYN1FPSi,1,"[94,94]",-27
18506,181jxezTs2VLWjYWUHoa8z5BCufNRdfRhE,1,"[74,74]",-27
18511,1Lkt5Q7bgDyroeRMwshSQuAkbsdyvCXKbL,1,"[79,79]",27
18520,1Le1uVggweeJQG8ZyRsCwHqabsjFrD1UZu,1,"[88,88]",-27
18524,1GFsFGzwnTSK5SZ6Yk2LMx8Dg6rDUKC8VK,1,"[92,92]",-27
18526,1A4Rwyxym3Act2V5RDRSuqcqckcK2d4eoV,1,"[94,94]",-27
18527,17yboFy3LZthVJkC4UrwCr8eCny7HmqCF4,1,"[95,95]",-27
18551,18wFDHQWaK46nJd74cJEjWaFTXWfMntMa5,1,"[119,119]",27
18632,1AyezkYbzzonWWBMGf99b4s8u2TpVCuaj,1,"[72,72]",-27
18633,158s3hR4FD1KJRsX4RZs4k7gJ1Z4iSmgkR,1,"[73,73]",-27
18634,124qoyr3CVVsY1fYuoqX8pa4r889nGVFfb,1,"[74,74]",-27
18648,1V1gncxSZQCWXYS8RNXydNKTubkGJjYSk,1,"[88,88]",-27
18655,1B5Qw3rCCtFi4ZbjnRem2LM55NjHRQkK2r,1,"[95,95]",-27
18679,14yJVxEYWzZiB53jExvh3WtK5gezceWdGh,1,"[119,119]",27
18680,1KEWqm1LUhfMTt8dkqCyG3G5nj9N5CdUKz,1,"[120,120]",-27
18761,1MgDdUQ4MRjhdkdbgsu2UDGhwNuazV2x1g,1,"[73,73]",-27
18767,16WejRbhzQgq64anRVvpvp1KKaf9ZA1AmE,1,"[79,79]",27
18776,1G1dYQy4rv1K1BDPYXLkJHQMDp1ybwdkLm,1,"[88,88]",-27
18780,1Cjx2zeSr41dVqzzzW9WwaLF8C8jB3B1fm,1,"[92,92]",-27
18782,1Pz8chfBnbMVvs7xiLNGoZcirCsGF4YYwa,1,"[94,94]",-27
18807,1HWuunYgpva1M9fuuc5MSuyBCXac2LTLF1,1,"[119,119]",27
18808,1BU6eqQ4wfW4C7wkKk71gfk9VGnNyUupcb,1,"[120,120]",-27
18888,1LquAvQvcRgCKZmTxvvv4r28mLBWapEDn1,1,"[72,72]",-27
18890,18LHVnPB1AHS7PBQyo1eyN5nPZeVXaiZPG,1,"[74,74]",-27
18895,17eBaSjuB8eqqz5B5Rtp1kgVHcZf1uBmqK,1,"[79,79]",27
18904,1HpMTS5wV4pcsXwSfcFEzXgLW4cPv5iJGj,1,"[88,88]",-27
18910,1eoC82pBW7FP3wBptaz7KrogBKfrat9PV,1,"[94,94]",-27
18911,1Ejnik1frPUbHLohUkqzeWTdVBGcJzpVBX,1,"[95,95]",-27
18936,1Fd3RhZzY8eM1mUtnQNHi1Ut4W2Tozj2rQ,1,"[120,120]",-27
19016,13fagLgXR1epNZ6PwN5rkuTadEGtuGryNg,1,"[72,72]",-27
19017,1KpP7d3tdus5yLagoCvCVfBUfnfNtxFLeC,1,"[73,73]",-27
19018,16J8NLMTLc1X8tqTE3q2nPCngqtYW1orvG,1,"[74,74]",-27
19032,1A9TgxMHYkEjwnCfVDgXTPJj7X4zbQwsZx,1,"[88,88]",-27
19038,13PeMgHccKu8J5xL8Mg3VykP6qG96jYUQg,1,"[94,94]",-27
19145,1LRhjUB2aj5EmQxgSp9Qu9aYPTA3gEtwCC,1,"[73,73]",-27
19146,1ADApamECK1p2SWAGGqu1t78UACpUo1wj5,1,"[74,74]",-27
19151,18LVZCFEiJEPVwzmnGFm2LWbTw8MuQSFfy,1,"[79,79]",27
19160,1DhCikQLY93PfwMdhsHRMHm5r4DRzmW5Ed,1,"[88,88]",-27
19164,1AJkUJn8PQTHThT2HCzk6dPek4WREK3jgY,1,"[92,92]",-27
19166,1PFv9MfnCgNnecAFtt49cwcAW1To3dG9v4,1,"[94,94]",-27
19167,18CFmGYXGFwVPXicai8Jh1p8QLNohtAfc7,1,"[95,95]",-27
19192,1Q8XX8BcdeZuo5yHiWtnHEv3FGVU4ByJzc,1,"[120,120]",-27
19279,1BMoPoRzZKVGXX2NjVTASpT4mmmgmCj7EH,1,"[79,79]",27
19288,1Fr33PWD9bEzwZMRwyxyiLzYVGZaZaZrPK,1,"[88,88]",-27
19292,18vrREmz2hwkkww25BwYyssGaFCWZMMRfv,1,"[92,92]",-27
19294,1HBrvMsmNkQzgbX1vx3i9zfUzDca4efJiw,1,"[94,94]",-27
19295,1Mh6TKe8VUxcF2JehbHLUawZenDqWgfYNC,1,"[95,95]",-27
19319,1MWYSokwdSZ4ExDRLEk3jqXs9ujfZZrq9V,1,"[119,119]",27
19400,18xLVuL2rXRrgcu1VuhPXPdvELztphPXSK,1,"[72,72]",-27
19402,16tkhmJdsrPptdAUGWDDFUieURqK7s7UsR,1,"[74,74]",-27
19407,1LHN8VCEr4YjhkPk2ku9hHLznhpTogTbEH,1,"[79,79]",27
19448,1BQurBRsdgduU5Fuq38DhfiUtwEkMPuFzj,1,"[120,120]",-27
19528,1N2ADSkgJCpSSqnX8oGaH93hXngwj6MWzT,1,"[72,72]",-27
19529,1HHH83QKduxuYuEpfVSZGejQGGNkbRizX4,1,"[73,73]",-27
19530,1FrSkj2avsoon9ktktpWzHWJmedYVC94Aa,1,"[74,74]",-27
19535,1CnjivNUdun5T8iSw2mzPi1zuPGhbgFBEA,1,"[79,79]",27
19544,1Q25CEZePmijq1SCyg8VJdgKWSfPY1HFGm,1,"[88,88]",-27
19548,1FEwPTrYTKmiqNX4hse57GVJzo228j2Gjn,1,"[92,92]",-27
19551,1KhAJJMVMFKkhkPBeXV2RaNFyzAutBuiPc,1,"[95,95]",-27
19575,165BByG8RdKCLKfk457BSeCbDscmSu39cB,1,"[119,119]",27
19576,12Y4CsrsLXwmg7NN8ULLKdvZPibf6GLHSA,1,"[120,120]",-27
19656,13e4V2WyDqsPPP4ETuP9LDh5cBsjKWdGhU,1,"[72,72]",-27
19657,1mVxybvRjPTn5NZh3NVo1vsSMArmiLSKt,1,"[73,73]",-27
19658,18X3aDTEuceKBQeELp6qN7XypRucr4kLsX,1,"[74,74]",-27
19672,19Pu9pMkZTTM117tNfFsT8HaAn346DtwNb,1,"[88,88]",-27
19676,1JW9UrNXCqikcX3snCLRRQaf9Bn2qg3vgN,1,"[92,92]",-27
19678,1HuJxzi7fMjBThj2p2SpzdRnKpdzecdgYL,1,"[94,94]",-27
19679,1GjwDQBeMM19pJC4Ua8LXjezd3HLrnFPiJ,1,"[95,95]",-27
19703,14fyd97qM15hhTYPSdivRbJCJQUAiCvxWs,1,"[119,119]",27
19784,1B7XxnEGn8uhyBdjG9NcCMVi9Eb3nemwTG,1,"[72,72]",-27
19785,1PceMXEMFU7GkFMBb8oLAGbB9MpGCUBXr5,1,"[73,73]",-27
19786,12Qsse3gsUTPD5r3Gqc46bZLrC65YYF6x8,1,"[74,74]",-27
19791,13SWwfmXDgvP88TkXVBGBfLTkBvZYCPMxV,1,"[79,79]",27
19800,1HAoRZAo1Jtd1qfamakq24Q5NPxVx9exCX,1,"[88,88]",-27
19804,12iRP2r25z282yP8iCAcP2sQRNtyhNZEKo,1,"[92,92]",-27
19806,19q1ZsDTVjHYpwESvazM5EdTYDfZ6YDqrR,1,"[94,94]",-27
19807,18Dg72mFLBY6hZW4stsZJUUPC8fCMCdL4,1,"[95,95]",-27
19832,1MGCCFZ3f7t5eKETBNV4i7R3fd8sn7tYg1,1,"[120,120]",-27
19912,12Xy5Jg4DuryDJ9agdfUPeNnxJfBraPsDJ,1,"[72,72]",-27
19913,1DmtiTWGrbF32UAKYDrwsx8CG4SJemosKc,1,"[73,73]",-27
19914,1NCz2wsQU8bZgFY66E8mPre4eqANgc25p1,1,"[74,74]",-27
19919,16ftnpUCiKLyaVEzexL4KdL4hz3eWaYtBV,1,"[79,79]",27
19928,1LEPTdMpeiXqWn3SMQ6U58qk45dVEdZqGd,1,"[88,88]",-27
19932,1CzDJQTDWRTLdpeEDFMxEnA6NFfT7WDb8M,1,"[92,92]",-27
19934,156ukP6n3ZTWkvfx5uiLyRWszPcYxkesQH,1,"[94,94]",-27
19959,19EXpARSTPz3sojiC2NitpKBcFcoUPh14N,1,"[119,119]",27
19960,12tgD6W4KNBv7uD97ejfJ6AZLU1yA8s376,1,"[120,120]",-27
20040,17t5bXKQWqe7nxQXj7gpB9YpowCtSXue4n,1,"[72,72]",-27
20041,1Jt8tu7uUCYoHAR5jyunoE4y6urFRj5nk4,1,"[73,73]",-27
20047,1HoASjfJqsPvczFPmnM4T5V5n6gU6peyFs,1,"[79,79]",27
20060,12khAjojha9gCUFaZb31RLdEtyGBwvSUh3,1,"[92,92]",-27
20062,167ftSjtBzA8sSwx4WSfNU5o2rm5qafgGu,1,"[94,94]",-27
20063,1GrmsVsWHfCztPDdF6Xp27zuNCe1EcSzqL,1,"[95,95]",-27
20087,1KUduANU5P47TcoBRAKoQGVy8qt9v3bcFd,1,"[119,119]",27
20168,13ME2VJ2GMoeDqk5xZcnUaKExen5LT8vcm,1,"[72,72]",-27
20169,1EuX9p3zDcwXhPMT2omffy9xLrdnjGDiA3,1,"[73,73]",-27
20184,115VdK74c5eS8XyqfCVhWRoa6etAvb3Yrt,1,"[88,88]",-27
20216,1EfHexVdpiS1pe5B4onCA6HWvd2BeEi2i7,1,"[120,120]",-27
20297,1J1WcdJGhk14MA6Pygvv2tmvDBhGotNkSq,1,"[73,73]",-27
20298,1JbmMQgEfXJz3TG7m8FnGqLFd4r94pWKyq,1,"[74,74]",-27
20312,1PgzYxLXjAw4NfqnzBjm8ww8mZgCXRwTJd,1,"[88,88]",-27
20318,12ypKADcrECjamrxVwHb64X2Bfo98jUUA1,1,"[94,94]",-27
20319,16UmsDmDn7T1XVmDP3YaVsAGAubLJQcr2s,1,"[95,95]",-27
20444,19iygUzwhQtfH5nhBZJKpKJKbcZcxsHCcy,1,"[92,92]",-27
20446,1EAJwQ9Y89TBCHcd3en7s4JGt5qJ1SXgCL,1,"[94,94]",-27
20471,1MMGxG4D49tWDj3i75x4dEsTC9ftq66u19,1,"[119,119]",27
20472,1P9ZR1nXzq8BqKErWebEegkKo1vz7Ts8xb,1,"[120,120]",-27
20552,1MCK4xfDDUJyYz7CxosbZGiEbXgW1RqgKs,1,"[72,72]",-27
20554,14w7MNnnDd61qMHSddAFiFrtzetayAhMoA,1,"[74,74]",-27
20559,1H1xcBapfLCoD4v3nysoJY8vUoF3MXySsa,1,"[79,79]",27
20568,16iDF6ZnqXQiVYHxkDi5ubbUyuat185Yzx,1,"[88,88]",-27
20574,1AFGmix6Ceqocsd8a8MwoQWHxcbU6kNjy1,1,"[94,94]",-27
20600,1AMUwjTDNwbfbtVZ6T9nFs2RStVBw5HciM,1,"[120,120]",-27
20680,168uXR6bKhiain5aw9uiGrei3WqeFNKow7,1,"[72,72]",-27
20681,17VsvdK1S1Vez4A8d2QERf1FyfpRhFiEQY,1,"[73,73]",-27
20687,1K6X5dCodVaN74iYoZjcurqzpHx3jKt6TF,1,"[79,79]",27
20700,1Pv8Am1qsChGgdsGxgFrm5KiCWejDgXhSe,1,"[92,92]",-27
20702,1M3ZDimEoBRwTyVuRL1youG2W2VBhV9zaG,1,"[94,94]",-27
20703,1JqVKRwY1ajx5GEWZs8z86USYcmfmsHRCv,1,"[95,95]",-27
20808,1P9d5yc6BcLUVi4EGmccvgGj1Yo5U2MwBa,1,"[72,72]",-27
20810,196hBakvvdi712ruShskTnKHAhLEW7b99S,1,"[74,74]",-27
20815,1BcAAYtDrxjyMfr6SD8QekrmwXYeQ1paxj,1,"[79,79]",27
20824,18Wtg6c23BCp7jkJyv8XXDAskCzqpwjXY8,1,"[88,88]",-27
20828,1Pf6HsqTZuK7KHWf6PPxi8mwG1UomUdCjW,1,"[92,92]",-27
20856,1M8yHEo9Q4XoSQodmNb2T7yVSuQ4Y9NF1R,1,"[120,120]",-27
20936,1GXdrRX6kyaguE666Xkoqon9Yj8qi9gkoT,1,"[72,72]",-27
20952,13f3my3WQ7ZVz6YSc8N6a49SucHhFWa2GS,1,"[88,88]",-27
20956,16yUATu3SnMJUwk6GEvuSP8D2bCoLZQDzJ,1,"[92,92]",-27
20958,18U1aZQKwm86ikokLH4bovcxjPgBejALtR,1,"[94,94]",-27
20959,1KjpEnGHRNf4B9YatAKGmt5JNjjFnTzCy7,1,"[95,95]",-27
21064,1CASyqvTC4URgA8wXGgjVjvcEQvLasP5xM,1,"[72,72]",-27
21065,1AusYu4YByBJoC32bf3yuZQveV8xrzCZg6,1,"[73,73]",-27
21066,18UYCVkqYrrZZhC2DujWrUs8wkFGeC3cQ6,1,"[74,74]",-27
21071,13Ffu3Ve8wA5X1MDUAGXuaedfn14452jyM,1,"[79,79]",27
21080,1PNngm7vQgsmuWbKwdkhECj42NVvDrhPFi,1,"[88,88]",-27
21084,1QJJN9Hhsr9kSSmP8nKBwVzVNDkuPtxi3z,1,"[92,92]",-27
21087,158V8eFeWZY75NLhpWxXfdzT1ai1rUZc5N,1,"[95,95]",-27
21111,1Ea489rVc3xxNYqhKFLa6wScwTG8zaYex8,1,"[119,119]",27
21193,1PJKD8qnYc2fNyYLy1ULjGYAFm23WDkUX7,1,"[73,73]",-27
21208,1BwQCJF5ykeK4wMW8hcRxR2gX8KBdHitdP,1,"[88,88]",-27
21215,1H6j2o2tBWovny6RvdSQRbmS2J4NkXP5Le,1,"[95,95]",-27
21239,16bgsa5bDzBm2YhswxMWqbA1WdULS1Bwzn,1,"[119,119]",27
21468,16JrqKts7Cy1eZuLZijLUYtUQwKXTdCW8D,1,"[92,92]",-27
21471,1BuisWkEsDmh4pCShrWnDPyDLrbFHkQAoj,1,"[95,95]",-27
21495,137W4S6gphzsBJcRAjqmS1uGWvC78qPFzV,1,"[119,119]",27
21496,1P3r7nGGexKqeCfJBqKq48XZGfkTgowEHR,1,"[120,120]",-27
21578,1FaTymXy41WRx7jX36BBF7d9ezPsAVVqHm,1,"[74,74]",-27
21598,1DVFw6NBjauEi39U5JiDjsFeSw1xh5vaDU,1,"[94,94]",-27
21599,1NrPyLTse9o4gcjcksCTeVwQXkkJPAKhw3,1,"[95,95]",-27
21623,17eBBEwnbKkS1DBEFxhG4MfsLY8Xgv65kS,1,"[119,119]",27
21705,16RUJN9HaEiRdHDCKKSSD71RS8dMBN95Dq,1,"[73,73]",-27
21706,1BJkxw6J9m7xJkLt4Uf7JBkU3MsHk7eVsV,1,"[74,74]",-27
21711,1GBvVDoDUo1pVm7BhbAWDnPFh7w3sjGavp,1,"[79,79]",27
21724,1M9KLP4ujEpxpRpWECbzGr6b4MCRVZYRac,1,"[92,92]",-27
21751,1Ja9TxEKJsuYULfrZUhUYsh3ErRYTmq2GL,1,"[119,119]",27
21832,12aKUuefFrKr2EWiKhGPgdxyyzJemhJgx4,1,"[72,72]",-27
21833,1Bf7FEeVSA9ajXWQMnRZW422q2cgcKqE4n,1,"[73,73]",-27
21839,15vzkLiXbGTZzVw2hgTGz8XJ16j418ouQD,1,"[79,79]",27
21848,127vYeyNJ5CxKwQyidM2yx8EEwiYx8j8nz,1,"[88,88]",-27
21855,1BG94TBUHubpAmQdXoGDt9ZSVnRz9Wwv91,1,"[95,95]",-27
21962,16AnuPR5r6MF4brBX2TYWMGm2ULCwN5nYq,1,"[74,74]",-27
21967,16YFvjoHoNTmrJECJ6bieMNLV6aDgU9Ho7,1,"[79,79]",27
21976,13mnK1w67oaAuQodN6Si5GE4jjrAnVuerw,1,"[88,88]",-27
21980,16mhBVn3H3nuWFuF1bDJNmB6LBFcZEj9fm,1,"[92,92]",-27
21982,12omKc5asg8BVDTDi387jZiyMiePRqDGe3,1,"[94,94]",-27
22007,16sDkiwDB13DEavvCFNooaQcVttKY8Cive,1,"[119,119]",27
22008,1GmCvURrHEBcxDWU6z7VNaLeRwNPGRCWtJ,1,"[120,120]",-27
22088,12Pw9YcUwVbkCLsVpKM7MR4TBWB6muhCeG,1,"[72,72]",-27
22090,1Ky7x9XRZeMZoMj382iAcJZStHT25A31kP,1,"[74,74]",-27
22095,1APDJ8Y6VQVqwHszFhU7q3w5c8rNaomBR3,1,"[79,79]",27
22104,14n5zCEbzZcqS2QwgZF4iaSyEQdeiELTHJ,1,"[88,88]",-27
22108,148vZejad4xZavNDDMYDzRoqmqkstEb3BW,1,"[92,92]",-27
22110,1LspNWfCo4UFbhDKuk2fwT4BLotQuSfb44,1,"[94,94]",-27
22136,17mdshj4x3iTnp28eLwWHPViRN68sYgvLM,1,"[120,120]",-27
22217,1AxU1dxYhDzSvk5mBHd4Mrdg3EEwFSnYuf,1,"[73,73]",-27
22218,1FiFQKWFjRwAZkeZVFTPxC7uT9pihjbCFM,1,"[74,74]",-27
22232,1NrCfknHtHz8yFW4D7snHidSasZFG7hrD7,1,"[88,88]",-27
22236,12DTYGkA4zrUaKy7gQcxx4PePwYtoemVjG,1,"[92,92]",-27
22238,1L9GtYTCceUXFkGxMY3fVecSCFqQ7Scueo,1,"[94,94]",-27
22263,123B36Dg1hmTuGaVmhMXDnum2Q6qxhX52M,1,"[119,119]",27
22264,1G7YCkHicRWPrbZRrx1oBEsByVHiaQkqyE,1,"[120,120]",-27
22344,1ML1ey3ZSU8G9Z5UxzQ7mbsWfKDkMsTxxr,1,"[72,72]",-27
22345,1AF59NdNeZEGjGKjaNDQXTzu7Wn6vj4M5Q,1,"[73,73]",-27
22346,13YKa1prv25DKCX8rnK97cahBDhhTkFeHo,1,"[74,74]",-27
22364,19N1FBTss6Qr8k1JwuscJZafprsHaSYxnk,1,"[92,92]",-27
22366,1KF5swLdZUBfbhZS5iX4GRGWsMjiVFJNeg,1,"[94,94]",-27
22391,12xxY3yqPCccaKEGtyLwvVRK587SzoxiJS,1,"[119,119]",27
22392,1C3oJGMPUG8JVDcMke8naSnqPvXfuG4aRt,1,"[120,120]",-27
22473,1HSyzmwJHDz8T4GK3EB85XRvmV2fA5qrfe,1,"[73,73]",-27
22474,1NTobyzvydr4tXdY5XE4DgBcuMNVDizTzY,1,"[74,74]",-27
22479,18TzvgXywGH7TCEcsCBuZe44Br35gcx5Ps,1,"[79,79]",27
22488,15K83eqUNr13qtjdeAV5XX6BZ9PHDyqCRG,1,"[88,88]",-27
22492,1NsMkoC7zxopHn3jDKgWyUkwMPvXyU36o6,1,"[92,92]",-27
22495,1K4MjJHxQLpFHqoP7py9DJ564WrVwRoq15,1,"[95,95]",-27
22519,1Epu11UKBBwKnHmzH3fMBrePqBFG6fkA1j,1,"[119,119]",27
22520,13iiDdTCanZzgiHJ3rdNW9b9ewZVSdfqBH,1,"[120,120]",-27
22601,1BtELFtRhTshSC8nQKoF9VZPTSNXbJY84V,1,"[73,73]",-27
22602,15aCBQY7HQt9YswXJZpab7rdxwKqYcgP9W,1,"[74,74]",-27
22607,1Eri2whj7c3BNDRwe6Lxu4D5vd4NQMVUPT,1,"[79,79]",27
22616,1413gn21qKatCttAn3CX6BxKwgpDhz5pfg,1,"[88,88]",-27
22620,1ANx1uHv2HczApYdzpEcKfX7TeBTWR1eDJ,1,"[92,92]",-27
22622,1Mx6H47UTEuXAHLWcgeEPtjNVV9XLzAmR2,1,"[94,94]",-27
22647,175EpV4rTPNjemJgRFLwrkyz19bCzwQbut,1,"[119,119]",27
22648,1MGD6qVoy7Gzff6HUuTXPMtipCXeBZus3B,1,"[120,120]",-27
22728,14Zn1pdv15AnbZL5FqQV8LTrhxWdB4Z2Ym,1,"[72,72]",-27
22729,1L798x3kUEA8N2PvJ3hKmRmtXuce8EtyNf,1,"[73,73]",-27
22730,186gu9BsJyVY5U94SCpJ6PupVi1pUZkdv3,1,"[74,74]",-27
22748,17NoUZKrX2Hb2f8bFw58q41jbqbv9jNBmM,1,"[92,92]",-27
22750,1Uu8ZJxSUkJcdVw9cZze9e3YnXMD3EvVw,1,"[94,94]",-27
22751,143e6G76CPCcqero9RsYcsjR4nEeXPCtHF,1,"[95,95]",-27
22775,17NjK32jNrrmarXKDkBYBLcuq2DtnwZyKL,1,"[119,119]",27
22856,15qPuvNDzdR6ZDziPp1fJkUt8KbvBxpZQL,1,"[72,72]",-27
22863,139KC1AoJuzpUMd7aR6s3xEDsq7kk7oVUG,1,"[79,79]",27
22876,12xk6t5Z6LBew1vERanM3Wg46LYNJx7h98,1,"[92,92]",-27
22878,129Hwba5fK39v2Gkcd65XVZi1FZA6YCyve,1,"[94,94]",-27
22879,1Meb731xPy3AYQvJYzsCXDX1pKWPjh9Ufj,1,"[95,95]",-27
22903,1FCSE5EwjVp3hPF7n81tVyeCpquGj9Unvy,1,"[119,119]",27
22904,1HFMGNdL6dr4ehjUDEY7UnPDdsPvf59V46,1,"[120,120]",-27
22984,1GPuvmGjvKxpNks9nzKs4QVijLoQ3jbVqx,1,"[72,72]",-27
22985,1GqCWwPAaS9qDifVMiQQUZLeZ9tBPirfRm,1,"[73,73]",-27
23000,1MkhgbjiQKjQLYXQUXgDHDmdVH2r2kW5oY,1,"[88,88]",-27
23004,19Ze5BbJg3RK7kDdjFn4MgsDDNfnVdmFFY,1,"[92,92]",-27
23006,17YQprZKfUz4eQh4d9maWySvFSYitrYfLz,1,"[94,94]",-27
23007,1DDRmmNS4a4aVsXNg8zbMoPAFv9xhA9fGW,1,"[95,95]",-27
23032,13E976dACYNGN1wbbgyaEX1x2RkRK7p8ba,1,"[120,120]",-27
23113,1GwcbXLJWPd3XqVgusLkALG78e2JZRVVFp,1,"[73,73]",-27
23114,1Pa8W5jSEDWQxd3Y5FX9kMMoGw9VGf2rQA,1,"[74,74]",-27
23119,152hYMVLJwYQHU2TstYakz8gQAJDc5ewC1,1,"[79,79]",27
23132,1JWqciRvBiYQEi1JgdRusMKBVJzAAzBCHC,1,"[92,92]",-27
23135,19NWvpqLE2sHGcfskQmzESmuLrjQcG4Ryq,1,"[95,95]",-27
23159,1GQD4dG3iqHSEFeVELZNCVuBqkf42ARfAx,1,"[119,119]",27
23241,1CaNUMyPZy76igtbcEgEkQ4C2Q2X46fzsU,1,"[73,73]",-27
23242,1NJaqZmQYx9T4jUzXUtRry7H6KcMjy4NiB,1,"[74,74]",-27
23247,1L7AgceyU3Be8Rq6VLT2hVdrsQPPUG8eom,1,"[79,79]",27
23256,1K8hmuBndKiFJT6Tf8yhVrJaACgXKxnTQJ,1,"[88,88]",-27
23260,16cKuJVDLvSR4qrHP7ySAA9Pr7Csw2e9zU,1,"[92,92]",-27
23262,1D5LmUZxoiYsCNgbTJj76eZbio3MWnn3Tf,1,"[94,94]",-27
23263,18xZaWwg2SiMGivvQbEk27xLi2ih881C5n,1,"[95,95]",-27
23288,1N1bNAixciZvbFzsNBD3fRJhjJMzF51Zqs,1,"[120,120]",-27
23368,1Fe99SBaVbyKsdFsVMbCZfmwZkMtpMaq5m,1,"[72,72]",-27
23369,1HLgKEtUpr8XfnteFx1EXfkU699QVaBg32,1,"[73,73]",-27
23370,1Hgx4PRqi9Q6bgGZAUDZWA8CZj89UYb2ge,1,"[74,74]",-27
23375,1GkxcwmSUAALMWvt5sUD3z75bJdMwKghAK,1,"[79,79]",27
23384,1947ndRUaet8agDyVUjV1AasMkynqYx2HX,1,"[88,88]",-27
23388,1HaA1ehXdfMYpsbQmYEyE5rp9n5q1o4N5L,1,"[92,92]",-27
23390,1EWKJY7xLVRzFUFtR7wCEAnjRHzwPxjwp9,1,"[94,94]",-27
23391,14F8WYz9vHArmvJtSiG92Ekqxsu947SHDz,1,"[95,95]",-27
23496,18nzpZBxQeJAvQd8dpT33aZQe2FZHjrvdz,1,"[72,72]",-27
23497,13DywEFzXTQV4neQ4QVPedRMLvdT1QwENG,1,"[73,73]",-27
23512,1JQeNt3G1151Ddrh1obc7UHjM4fCGbBi2y,1,"[88,88]",-27
23518,1AfjQWEqEfoekaWXDn6JDfwWvLNAjU1bfT,1,"[94,94]",-27
23519,1ETZsNRT9JDWbw6gTE8fhHHeXM4FtzLr7j,1,"[95,95]",-27
23543,1HS9xu21xMguXw2MQe62WqPRRHadv8LDwZ,1,"[119,119]",27
23625,1G1WiVYi5fzTX9DqhMiKmVvtJ6ySN7Gvh6,1,"[73,73]",-27
23644,1DfsvM3wZgMvgbcd7GJXeP7kSSrmx7redT,1,"[92,92]",-27
23646,12SNKCzzYXrx8brxFkR4qDY37X8BQmnw5f,1,"[94,94]",-27
23647,1NQgAkWyMCZjGdxaxZDEabVnMyherNLzUn,1,"[95,95]",-27
23671,18ggWmgGrbw4VAMkb38YtZh3nfriphiyWt,1,"[119,119]",27
23672,1JQZAmNsC89hLzCYqDKqC5BkxnKckwg4mH,1,"[120,120]",-27
23753,16zCQDxv4Vfwm7i2nTZUw8ndVb41T9T4TT,1,"[73,73]",-27
23772,125Aix2E98aAYe6udT6SvJDNKwp7NnkRyW,1,"[92,92]",-27
23774,1JK3DTT1NpoQUv8TmPwCVRkGtTX85ArVhw,1,"[94,94]",-27
23799,1G3T7VR68WxzAqFJeNS7x9n95UqtpudEWT,1,"[119,119]",27
23880,12xC3ws2TC4G77V6b2oztmHaq9tUZXXeBj,1,"[72,72]",-27
23882,182EVRLJq2xkHVZB6qCwEzP3xKXdx4hUxm,1,"[74,74]",-27
23896,1BaxuUAoLx1DVK7ctGCW2QaA7bYiShDRXH,1,"[88,88]",-27
23903,1JggG1c2GZgMFYC39Qv8qLywtMff63ENFi,1,"[95,95]",-27
23927,1GXv5ZmnbWS7Mxym41kFR8ZSrVSCRsxBYM,1,"[119,119]",27
23928,137sYJc1Vxg7YsXWEdJXUtqPdGFarNnUmD,1,"[120,120]",-27
24009,197UaJ3W8JCuZ1UG4CQRUVYKcKquQ4pP93,1,"[73,73]",-27
24015,15BU3xGxNLcPTc4gJcQhm4eJBGMTZgK622,1,"[79,79]",27
24024,1CksRAZLs7TRa4LfNmE8ngJN4Ysftb6NBR,1,"[88,88]",-27
24055,1HJNwXN9NN3f3wm6TRTBKfGob4v2Y1ghCF,1,"[119,119]",27
24056,1FhpyPsiES6P9KaWPec63inpwSTaGceJRR,1,"[120,120]",-27
24136,115WmPgPenVCPHsrbqLuYcvk5XbvogXqAW,1,"[72,72]",-27
24137,14zjKe2LMHNWuZwKQSypvj8pATwvXk1Xm5,1,"[73,73]",-27
24138,1NdALmMDrLsYRrNqrCFLCbA62SjqrAWvWr,1,"[74,74]",-27
24152,1ASmW9yvXJY67paCP8mbXpGd6xZZWCodWi,1,"[88,88]",-27
24184,1D4q7hdipvJYY8pGft4L4pcXn5JvzXyghP,1,"[120,120]",-27
24266,18DsGvgCnstjrswQEh1LrY3GCeb1n66TX5,1,"[74,74]",-27
24311,1DwwdXLGW1gRq9YtdMzng1KpPPMGb9y4m3,1,"[119,119]",27
24394,1APKbSZ49T493Nr3RAPN8PW6WMsZmp5vhW,1,"[74,74]",-27
24399,1KNq4MbXgeesxorGKDaUrteY3hz2GaFQf8,1,"[79,79]",27
24414,113YbwAUUGNPcLyg3HRVbmv6ez6vW7Gy52,1,"[94,94]",-27
24415,1BKW24cHjhjAfdgQCZspXxxfjmiWiVrbM2,1,"[95,95]",-27
24521,1J5XrjxK91pKPLhW4bLCzADK6exAZj8Y5e,1,"[73,73]",-27
24522,1JGVe7FNnwEhRC6yz1Le24YeCKAA94Laui,1,"[74,74]",-27
24527,19YkY6p1cmBEjiYmHUTMZebEEwoLscQmT8,1,"[79,79]",27
24543,194BbNHmbDKbrVSSSUspwG9Cy4JubCVWiw,1,"[95,95]",-27
24567,17T79ZAaXWjYGjR5XrSdkdavdFXqu1L8gA,1,"[119,119]",27
24776,11qkyreEGctD8VzQSsMj4yn7zQYCAvife,1,"[72,72]",-27
24778,1EaNMGSNer1UXgfQmb6b8BuoCFnwMadA63,1,"[74,74]",-27
24792,1JhbTV7ZxgQBHmmCQ67GmHnZdBrCddU2PV,1,"[88,88]",-27
24905,19DDmVTGVCw6fw4ztVKqqwY3ZUsX5Dt2gs,1,"[73,73]",-27
24906,1BqhkaY96AfsCzzNjk2pQL8cuDFejDcz2Y,1,"[74,74]",-27
24926,1LiZfdcDCQPh6pVx5BMc26fwPYLBEcxn4B,1,"[94,94]",-27
24951,1GwzXfyu94HcV8udekXNvCyodceaqfPPXS,1,"[119,119]",27
25032,1CR1Zmq4ztuvPgStHn4TQnr87Y3MyaChVz,1,"[72,72]",-27
25052,1JYHZhY2XfsP8cKKZynyYxZCwogn24yJtd,1,"[92,92]",-27
25161,1FNh3F6C8aywTSXMfnpK2Wz388DmFuUWxm,1,"[73,73]",-27
25176,1EL2sj4QbgTP1rMNafunejnfkpafWBWXH3,1,"[88,88]",-27
25180,1A9pKWdQfA11KfCgKiAkLCg8mh8vxBMiez,1,"[92,92]",-27
25183,15qKUySejJHRkRXCnR52yXWtj1dZaCH3bv,1,"[95,95]",-27
25208,1A2KErEfQrGeyQgMw3C6LZYdx5B3FozKbY,1,"[120,120]",-27
25335,18jnbK6Z9UxcWpQKbrB8Mdrf6Q2VN5YVu4,1,"[119,119]",27
25439,18rWK4LKRe1nHHCX7Gb3RnwMGt6ZCVDXCL,1,"[95,95]",-27
25544,178ETMShY8oXA4BvVbv683q8Z5iXXreJ2e,1,"[72,72]",-27
25545,1PVqiJVzBi1XQsuyxxBUr45Pk4wM4wcroY,1,"[73,73]",-27
25816,1Hh2CaM5BH6NyUQe3vQ7mHYoCvs4FxtBVd,1,"[88,88]",-27
25928,13AsPhaeYMNebNEziEHVNnVbQMVruaiQmx,1,"[72,72]",-27
25951,15141ZrktVxhh5kvAbiSzS5WinEJMpoaXB,1,"[95,95]",-27
26072,1BGSgk7S5S2Ya16ibj3QB6PcsgMnbPKjjw,1,"[88,88]",-27
26078,125sMR1tY3K2NWpyFF6Ur8uy93B1i1b2AD,1,"[94,94]",-27
26103,12JUTtGUfgQpmz2dd7PHhRUPV7GBxKfYDW,1,"[119,119]",27
26185,1PaAaCC3jk4fR9psQvoy9zeCRbhcXXHZpU,1,"[73,73]",-27
26319,1DApVr8qnhykqT6ABh1y2MvANofZaKGUod,1,"[79,79]",27
26332,1GVwZd2HuvHfdsgvxyvSu8oxGqTQPaqy2N,1,"[92,92]",-27
26359,1KwLwEXtvHHTbvn54rmeXPSArG2USFuS37,1,"[119,119]",27
26460,1GLCZCzxBmKBT7bZoQE9kha4ZnFKMsp3UW,1,"[92,92]",-27
26463,1EHghaRSu71zUfFzzfHmP8UqRhQTjttfng,1,"[95,95]",-27
26570,1MoB4zLhpJYHdWLZbHhWoUpjq9o4dYFpWe,1,"[74,74]",-27
26575,1HxMQhn8kMcATty8yFhL5cJUn6SNvbAdxz,1,"[79,79]",27
26584,15ngbP3zDb2XPSvBjfHMUk6SRj7tDWgGE3,1,"[88,88]",-27
26615,1ChZJChmKrqv6MxmdEFF4PeZRgkpNLGd6x,1,"[119,119]",27
26696,1PDzWNyLpFgmTZnam1Y5DQ3e7LYHkAiMvv,1,"[72,72]",-27
26847,16Cy4s86oEgJnV5kW2NYYDU5v9zfM7d4sy,1,"[95,95]",-27
26954,1MJ9z7kf7QMv1tG1FAW4oGpFNZGrWpXuzp,1,"[74,74]",-27
26972,171Xu7ocq2GHRzXx3QNa2dvBqkVjAZtYC5,1,"[92,92]",-27
27000,1BZAK3xadU3SFf7bKBv5h3ti9c72Tb3BYW,1,"[120,120]",-27
27080,1Cr3nGsUv63RFyaaevMuPK6XciL1C8ZAAS,1,"[72,72]",-27
27082,14e4ZZ84AYjJg1yD8jSSec4wDEMQ5RnN4J,1,"[74,74]",-27
27100,1CX7D2gWyczJMScfipCUEefNNSQMAV7J4T,1,"[92,92]",-27
27208,1NNZW555b8oCmN2Je3VAAgqDHy3fAZYDpF,1,"[72,72]",-27
27210,1KqmSoccKmtH14RCRq2gHeZ9GmAu2yPa4P,1,"[74,74]",-27
27224,19U593NCERfBdssxpXQbnDtbUSdTuZovnv,1,"[88,88]",-27
27231,138i8XbXiY5ptCKp7vezpva1yHedpigevd,1,"[95,95]",-27
27337,1K8vEfsKZEoU4mR2L7qcYFoVQ1RZBAn1Ya,1,"[73,73]",-27
27338,1N68VH3rjqGAoLnkUCHK9jpwZDigoHosYu,1,"[74,74]",-27
27352,1JUeN1nvqq9rCsWwYiTCNAMqm5mJusdbH3,1,"[88,88]",-27
27358,12jQ8frvZXsa22CJtroNYHyjUjB6B69m4A,1,"[94,94]",-27
27480,1BMBmJJXyvjErMN5FXjhiSB1VoMMrcY1iG,1,"[88,88]",-27
27484,1EUTwhXbYfEv4fQqxvLAtobbbVeWjPSV49,1,"[92,92]",-27
27487,1Pz5tjcv1KvMDjGbwwYRXmRaZ1kVNeCJkA,1,"[95,95]",-27
27592,1KLEJzrNgSmH8aGTKF4MbaPAiHevqSrTUs,1,"[72,72]",-27
27721,1Q6zNNuxfDmHecsYrE9zHWEGtcbc77nqX5,1,"[73,73]",-27
27722,1JCy99NPBh8g8N5poL1pN5Xqy3LvW7amr,1,"[74,74]",-27
27727,1FQz66DbtoZbrXEK9JfeQbaZ5kZuNEF84x,1,"[79,79]",27
27767,1K8HgqfYXrQTfL3VsNzEaaUerWVN6MSmYV,1,"[119,119]",27
27848,1ENo3L4vnnfcm9we7GyEzD14mqQ4Vazifk,1,"[72,72]",-27
27849,1KRPESD4bTthUvvZ4BQdsBkMifGzAonCcJ,1,"[73,73]",-27
27855,1MCJ2RkkANqmphng9cU91bSStHNj1856ro,1,"[79,79]",27
27870,17PwQo2jsrHX9PZ8tHe1QNBYqKpjPpfra8,1,"[94,94]",-27
27896,16doPB7R53EfZREMRq9cyJtbzoM4FKQaai,1,"[120,120]",-27
27977,1JM9cd6XMnZq7PuXhqHR9sjr9rQe8HiQ9C,1,"[73,73]",-27
27978,14LPxt4cDYRNGvy81RtecZGKAPVecyUdze,1,"[74,74]",-27
27992,1BeFWeDUT5mQhSBm9JzBfAg9FKTsA8n8u1,1,"[88,88]",-27
28023,19r7QA3p3hh9s4dULaFbvvnKNaJzAeJcAk,1,"[119,119]",27
28024,1LFXLyubKrb93gLhcRbxCQviKcRxnT5KeV,1,"[120,120]",-27
28104,1QBEgTynMvmivEofuSpiCDi93rXCFKcHZ4,1,"[72,72]",-27
28111,1Fr23uEDVvA57yB8ix9kd5vwtR7y5N8Cmf,1,"[79,79]",27
28151,1MuHxVh9RdZcfy25fWCZ5T1u2RoUrHrEYH,1,"[119,119]",27
28252,1AvxPH3xBY4vHhWTx332wBu5ioHG7hPh6Z,1,"[92,92]",-27
28254,1PuJC7tYjZXjX1Lr8b9H2i9SRFr5qgXm3u,1,"[94,94]",-27
28279,1MjmCUGYyEgbXYGb64Y97KwWKct4JkUjUD,1,"[119,119]",27
28360,15p6zfTv8aSvPdfmvS7FbUn3C9HRkdnSvs,1,"[72,72]",-27
28362,1NgXs8uXdRrA6CYG3sJRbYDq2ufghdaNhP,1,"[74,74]",-27
28376,15uEkYfTtvSzHja5Le3Kqh7wJ7SBpfkqTo,1,"[88,88]",-27
28380,1NwMZVgnUkv4oab8E7GNwoB6kHc8epgKyx,1,"[92,92]",-27
28408,1LbgiKZQDTuUVdh65XycHQLUAaGRtRhoad,1,"[120,120]",-27
28490,19vK32vZBVve6tLnegxC3rDKYpQmFu9bij,1,"[74,74]",-27
28535,1PyWocCHowfjbyLuuKnd2eAkfmpwCTZ8WM,1,"[119,119]",27
28636,122PJ7gBBB9orw13t5GXwKaKtepExC9Q6m,1,"[92,92]",-27
28638,1LxaGnvbGvxcJtj1VnmkuFMvdnjwhUEU1s,1,"[94,94]",-27
28664,1PNbRfKJPZbHJka8QYjGFnp8yM9o5Q7r4i,1,"[120,120]",-27
28888,1EUF6ABj7xn3fwZvvF6cQzfZC3aEQBZo8f,1,"[88,88]",-27
28894,1DjWRVmoHQwWFQGPtXq3TKpjdSzTEnGK57,1,"[94,94]",-27
29000,13SELpQvWBv2CT1o46VeKqjBNWH2to5uzD,1,"[72,72]",-27
29048,12F1HVEyy1dXQcZX4ziNtekVwYjkvhjTSc,1,"[120,120]",-27
29129,14AB2GiunZFMMWYuxi3TfZicaD35jij16P,1,"[73,73]",-27
29135,16XMnHzmkgYYpei8Fjztr3VUtPCbVYJ7UP,1,"[79,79]",27
29148,188Kd4voWowxM5KvjUbUqM8bm6ytXTGnQE,1,"[92,92]",-27
29176,1B8MSwsJWGCaJqJ2yj3j3YPd1F3iaAa5CQ,1,"[120,120]",-27
29258,1FYsKsn528Fp7gPvhjNbUKyrZTVPeAop7a,1,"[74,74]",-27
29272,124wWBNuqqNCsGXVHuDoKMPYoTE9KeGQQk,1,"[88,88]",-27
29276,1Hb489oeXLmwfYY2LgsYSJs473zBGs11UN,1,"[92,92]",-27
29386,1BsGLpfUfGAGmRhtH54TWTXtcfzXfACBgc,1,"[74,74]",-27
29406,12qCxonMxYWt3Y5i7zKGbLULC42hZFZc8P,1,"[94,94]",-27
29431,1BTW2fJFPgpeicKB4dWhbc6JbMDe4i77dA,1,"[119,119]",27
29513,1DDC54VmkjNhLdgZS6HfSBihXjDsV3TkLR,1,"[73,73]",-27
29532,1FKSNX9Dn3ZVDKPieBvZLKb1maH4zzz5k5,1,"[92,92]",-27
29534,1AaoJnkpLFZXj17HiiF3ADu1AdqVcbFEg1,1,"[94,94]",-27
29640,1FYoW1xgg9QmBaQphDFTjQUwcEvsDzw9nr,1,"[72,72]",-27
29641,1Ah26cTyptZZeTCmtQMuDv6axDpra12NaQ,1,"[73,73]",-27
29647,19fTpfAmLTaH9rqBfPybmtfrhrYoZcdyaa,1,"[79,79]",27
29687,1Dr8GRLgH8Pxe7A5K5XSDq8UazMcKuZHVq,1,"[119,119]",27
29896,1DJThRJnawuQQwWgdwt9DpgL8D7oQpE3X3,1,"[72,72]",-27
29898,19zUJrnfTL1e2Prtc2u8kbsK7K1GGKJYKV,1,"[74,74]",-27
29918,1553QVWKhL177XEFFKcj5nj6hQZ1yCKu8S,1,"[94,94]",-27
29919,1DW2Q3AzP7kHkNxvJ9btvemHYxT8svc9St,1,"[95,95]",-27
29944,1HUKGrAbrPzSbuJ1sjbZ4dQPZhQb47U8R3,1,"[120,120]",-27
30040,14DH7LRkkX75UN9j89Jxi9f4PhMiYGBcP3,1,"[88,88]",-27
30431,1PuTrrDN2LhXiXNEx95zSiNXkjKqedtCoP,1,"[95,95]",-27
30538,19cXDYYtShAjF4P3Gip9KsHkQWYhThn3oB,1,"[74,74]",-27
30556,1Bzg7JRDdD9G81pKtNGuhFnxvJpxJN7kc4,1,"[92,92]",-27
30584,1DcsVw4inJiccwdEHw39F73BVXEsz5oujC,1,"[120,120]",-27
30666,1DiH6Qy1LtidcU6mZLKc4ijtcQmu5FGkgT,1,"[74,74]",-27
30671,1LjEGNSWFfhaj6mAzQsTe2QBkeqZzi6acq,1,"[79,79]",27
30920,1KNYatiFieYoFWNs1xW3jem2UyDjVF5dkA,1,"[72,72]",-27
30940,1BgwMrbT8ocHEir3p4EJJiH5Wa8MhrEvc7,1,"[92,92]",-27
30968,1FUsHgdGhgvetnHYu5V7JqvyBnypjx4N9t,1,"[120,120]",-27
31064,1MpmXNowfsP1rTbsWkiethgxm31GWiTzCR,1,"[88,88]",-27
31223,13TZQ9kkgWDDdsoa1GnzFYdCXYA2Lchh7m,1,"[119,119]",27
31311,15d9rz2rYmov1FQvdfGuxcPgavKmkBLUMg,1,"[79,79]",27
31326,1CXsqNrHFqX735UFHfvtGfvY3iXmq8zCuS,1,"[94,94]",-27
31448,1LU9a9bDD69a9RSjWM7GksE2vNYUiSrNu2,1,"[88,88]",-27
31480,1PYiA8U3VqVzUZ3FoJG31c7KUb2zEcNtDK,1,"[120,120]",-27
31567,1KgbAjPEM6iy18rscaTkQq1u8ubJL8xZRH,1,"[79,79]",27
31576,13dGwF3RW2ARWGGSkAE3P3n1vZQkzccHoo,1,"[88,88]",-27
31690,1MHDJwHphM23DTWrJEfqJn4fizAbt1mVSh,1,"[74,74]",-27
31695,16RBdNrT2TEaFMD5dFo1b5Wneh8Ww5iLQj,1,"[79,79]",27
31708,1A98oFa9woLpQXbinFqwffstQDDmQGddtQ,1,"[92,92]",-27
31710,1NafKBJivZBk8dHarhEeHAiMoBwDk7SXgj,1,"[94,94]",-27
31736,1LnXopuS6uA6ajDtuqxQwGWX8CtQL5f8oG,1,"[120,120]",-27
31838,1LWSk6Fnag7C4i8CZBnbq7NMtebso198HE,1,"[94,94]",-27
31946,1JhKtBzVFsucNeQCkREed68TNUPSLucWCH,1,"[74,74]",-27
31951,1NVmDTwALWA6NPDw3goHpTw3YiZJ7996A8,1,"[79,79]",27
31966,1JsvW4YDytqtsduuhbxbJm52nWdbi7Johx,1,"[94,94]",-27
31967,1J6CXvyKywTmoZ4xJkx9WV3CPWQndyvBkK,1,"[95,95]",-27
32072,1JrTiLkH1u8w4iCD6dBiWm6wDEeME43o7x,1,"[72,72]",-27
32095,12KHJ2cPV61gNMKCQNrfa1ak5UVWfQxv8Z,1,"[95,95]",-27
32120,1AWbGJbCiQMoQGFHJTmuBMmzfHjksbBXJg,1,"[120,120]",-27
32222,1C7hXG6EWNwNfVgiYLCELjMp5ZaLid1xSX,1,"[94,94]",-27
32328,1M9iyw5DgLLTYV9zitjp2s8X1WExuFKjgH,1,"[72,72]",-27
32344,1323wZEpn2TxXrYTmW4SYHGY6TCC5k9zZD,1,"[88,88]",-27
32472,1DVsm7vNN8gWPXFDa86b45EUQcLRhZ3xzV,1,"[88,88]",-27
32476,14mE2yWDy3oD4b5UY1qrT5eFJaovTN8v4e,1,"[92,92]",-27
32479,1FSxwTeLTG9fWtd1gCoLzfqXXephq9cvyr,1,"[95,95]",-27
32503,14791zP2zzKUwYW3bCbeHYWYC8ZHoANKFL,1,"[119,119]",27
32591,16NdjF1DfwZFc9AMSXJi8ACegHihbQuHDM,1,"[79,79]",27
32604,18ybfzhUkkp8T9vQXoTrvnePHQb6aNF4Se,1,"[92,92]",-27
32728,121abrmshdYmDYQLMrgBGecZFrSuiDynjS,1,"[88,88]",-27
32735,1PGGeUMo5uLmBaLDyx1aKe3m4jpL1HwENG,1,"[95,95]",-27
32841,1CSHzYPG4KuCje4ozEANz1SZuut7pfGFdZ,2,"[73,73]",-27
32860,15uib8bjxavXs4izmEUtHBM2LZ2NHCqYcF,2,"[92,92]",-27
32970,1PjmrJs6nBvPRCVPjzEz3Lz2JF8BhKdp6M,2,"[74,74]",-27
32984,1GmX6HxtWMLjCPUvfCh3BYFXoLm8DS5bjT,2,"[88,88]",-27
32991,1LApbfgydTtdx3u25AsEV6RU9dXuyCzEpb,2,"[95,95]",-27
33016,1MNNxpv3Mtjr6ysrz5zwdMKuZs2oTTSwKg,2,"[120,120]",-27
33143,1GLz9PTHGqeLRQ2ncv1SMS4D8USKY2Mq5w,2,"[119,119]",27
33224,1Lz5tkoD45ALyiSPckQMbwEEgQfjN7DNq4,2,"[72,72]",-27
33272,13weYpJmARcpnbjJ3DN4fahadkoRJ9AW2j,2,"[120,120]",-27
33368,1KTrXLaFD591Wu5aw34ih6bHfQxLKpmfo1,2,"[88,88]",-27
33375,1Nxj6ruHN4eCF5qqXkzG4kyofYcoETSHEy,2,"[95,95]",-27
33481,137SbdyJcEm4BYTe45g3VxLeMshoKdzAzg,2,"[73,73]",-27
33487,1MYEY2HTSYahSq6C2o8ZQ6iMFYfQPaYNfB,2,"[79,79]",27
33496,1G6oWPtE4bnaHYqjMJSkCJqX9L5UvgcA2f,2,"[88,88]",-27
33502,1J6gtZrpVRtizGTU4EFX5WWNmiDMW9urV3,2,"[94,94]",-27
33610,125BtGgQ6icE2FMV5478FVuVzuNBVhPf3g,2,"[74,74]",-27
33631,1CKUUeihB5Gw4dDqext6PgbYqDisfbqL1a,2,"[95,95]",-27
33737,1CStvSPvKbtqkzDvfXMx3bsrR4W61t38Gn,2,"[73,73]",-27
33758,1419H6DgaW53iCWRZPwmyKrpjgdQBqQMs1,2,"[94,94]",-27
33866,1DhjN1j2AVH5SsMCoHAsGpGLcCyhdAKiti,2,"[74,74]",-27
33912,1FVav2pPmmMetPysnJFVNc1KD1xgNLtXgB,2,"[120,120]",-27
34014,1A386RQExY3VgxGg6NnvP31wmmbLgTcpLY,2,"[94,94]",-27
34140,1BcFQg9n9xn9HhqpZ6GCzuEhDwHBB7Gsh3,2,"[92,92]",-27
34167,12qBDr87xwWJ18bdSDf6SHaQidnJ1ktGD5,2,"[119,119]",27
34168,14C34486uMc7zuLTkZhu57Z7tMSpZaoM1f,2,"[120,120]",-27
34376,16gvoc15bfDNs3d18MpttK6wKjGB4dUiLj,2,"[72,72]",-27
34504,1MDbjyBR6tvt1vUMatPatcgRMyktkv4283,2,"[72,72]",-27
34524,1Lmgx2TDpqEGF4WG8Tod8EHgkxuZqx1EMf,2,"[92,92]",-27
34526,15zR31cxgftnr1YUcY3LBVKDhLCZeg7aqG,2,"[94,94]",-27
34552,1NPYNTS4dAPX3uXbPy8Vg5pxNbKACwiDWK,2,"[120,120]",-27
34632,1Mrm746tZ3aeTXv5rBHsx7sDkkURsa4Uaz,2,"[72,72]",-27
34634,15gSogRWHKPStkT35i6A5QbT4NQ2XFUeaM,2,"[74,74]",-27
34648,1FP2kzrXFgW7QxqDGnWb98XRmwC2igNSXN,2,"[88,88]",-27
34761,1Mn9pUN8VmeRdJhd1syRxG8hRE2BpuJeGn,2,"[73,73]",-27
34808,19Me6eiEp6VEk19woh2qLG3yq1HfT7dL7G,2,"[120,120]",-27
35018,1HJavtsNFzKmevmzcxtQzay2CSXStqhmwN,2,"[74,74]",-27
35032,1KkCyX1VBYLCd6LAyAreYN4AqHCw7ZzoH9,2,"[88,88]",-27
35036,1EVp2eff4wN3eUWopboZ9mmjU1mz4cPBpR,2,"[92,92]",-27
35038,1L9v7TZs989rm2FvfYgpEkjrbuSsYM9s8t,2,"[94,94]",-27
35039,1FpGb7FEKboGZ7Xh8Hy7X2cMakCLb7MHd6,2,"[95,95]",-27
35063,1A1V7zy85sSBXFVx6kVSjS2xxBYKwaJ9yq,2,"[119,119]",27
35144,171kwHgKzLpKzCHWrAVNhZeQajpmR6mLW,2,"[72,72]",-27
35145,1GBw7xDL1UnYNr2xobVRiieK6AtiDLGvhC,2,"[73,73]",-27
35160,1MijKWJPmrnp5zjxm8MPFVgQGosJ2X4izq,2,"[88,88]",-27
35657,17dXJgVhYAR724NM5PHgkKBhoEtC8TTbRV,2,"[73,73]",-27
35784,1DCoG8vRt8iUputoPwavzbnQmMML8ifQ53,2,"[72,72]",-27
35791,1Jz7bcrcHGQivK5zD8iWf6jJE8tbLuuHBy,2,"[79,79]",27
35800,1Bx64412DHgaKDJ215vY8MdnRP4YNHnbGp,2,"[88,88]",-27
35807,1Q9C7Zsw4Yx5RREsN5qZUNYSp6Rpp4yzcU,2,"[95,95]",-27
35919,14sTKj6sU53T2KetsUbcEXb5pGMibyrgSS,2,"[79,79]",27
35932,19FEA4oC19HntgLy89XbtLPBsBSaKe3Gym,2,"[92,92]",-27
35959,1AGpcpxwcd7W5d5G5Ln5wDV5g6CL8gJhqv,2,"[119,119]",27
35960,1CGg9NKUPWTToRfUvShD63nn7i2E5kcfDi,2,"[120,120]",-27
36056,1Hc4QxLDyyv7oNGYBwvAmh4RoYfxiwFbRv,2,"[88,88]",-27
36088,1JLnpbAYQaJ5apJ3CjcCsouKag7mZWTuzJ,2,"[120,120]",-27
36191,1LziKJLqfvfY4e8booUqzZWQmgMTZKczvX,2,"[95,95]",-27
36343,18NxehF5a7LeLeBh9zNiiTPft4owE5mtLp,2,"[119,119]",27
36696,1GzBFVARu47mUQGun964sorC6ENvLBDCsm,2,"[88,88]",-27
37086,1LAqQyX9XTX5GUzAiyHmdb78gimLv43DmQ,2,"[94,94]",-27
37192,16fvYf8xFSHeF4Y3A2bbLBdeufcazavMue,2,"[72,72]",-27
37852,1Ga5EkogXHAp4N3k5uktc4PMD51qTg9VPE,2,"[92,92]",-27
38090,1G6XqS1txwtJauJjbFNtLaD5TbwWut9mz3,2,"[74,74]",-27
38104,1ACYhrj1YkFfZ1CF1HAEiQ6ztC2ZXpcdsf,2,"[88,88]",-27
38108,15if5E6VnShJhXBHoadnNv8SR48uDrPY5o,2,"[92,92]",-27
38364,1ATCeoYC1Rf9uQFtVDzmULUxSHRVXvzZjm,2,"[92,92]",-27
38391,174HLbgePV7rEvPHE4x7BT9SqN9AtYJpps,2,"[119,119]",27
38472,1LAZZTU8PegxkdA4qUMg9bUbr4ehb2GSKV,2,"[72,72]",-27
38520,1A7PuRfKv2pp6yLCDFHNi3De52mniXAN74,2,"[120,120]",-27
38620,1BB5kZhcUJXKxsJXsdy7oQGVn5tV2uSXCH,2,"[92,92]",-27
38751,18hBqu4Jz7nn5KMkFu52rK48XztGA4hXhM,2,"[95,95]",-27
38863,1LHN7NbSnEynPHYZk7jptLXaqsWSgAt8oi,2,"[79,79]",27
38878,13kJNrwSWhKX31Tn83RvdaRY7HRM9BnuAP,2,"[94,94]",-27
39000,17M7bnKomZh7MAVcTNG5M7P7uRfBPpEyWK,2,"[88,88]",-27
39031,1HWY5XVSN3Jgkib7YFDBKoCY9hQ4TtJpMm,2,"[119,119]",27
39242,12YTZzUGqYBPd3EBU2mTQgCYpsfJ9AKdm9,2,"[74,74]",-27
39256,12BMZ7HBpz3wuMdLdDb5XX8qJx7Jm26g7X,2,"[88,88]",-27
39390,1MgNKFYYV17chWAxxiJHZm1WwiQJfAcK7Y,2,"[94,94]",-27
39416,1KCmafS9CTBcMhhpDTiaQzetG2iSEC62Ds,2,"[120,120]",-27
39647,1J52JtPqNzfMSPfhB192ZHERuNPksaWtg7,2,"[95,95]",-27
39754,19PJtRhXKDPhyGTwjPf3n1KnwhnJBwpDd1,2,"[74,74]",-27
39759,1B7vdLgZ2wBZF5Fu5ag2MnBARcndMFZ2Mw,2,"[79,79]",27
39900,12rMvNfV1tABg77MfbQjX7XRfh3xVV2394,2,"[92,92]",-27
39903,1MQAmUGher9FUyditqK9XxZQVyGB21M7rd,2,"[95,95]",-27
39928,13di3WKqrc7JAVfk1yb4ZUYBxg8Uf1CHL3,2,"[120,120]",-27
40028,1JBgZCr6j1m2cESZ1omEYiKtjNDYJYKHNv,2,"[92,92]",-27
40138,1NGHA7cXVvdDQ3Q2Tu4yKbxbDLtTNfNmzm,2,"[74,74]",-27
40184,15QtLuYSpeFy8a1gjh3gt8o1tSDa746DZC,2,"[120,120]",-27
40412,19i8rJcEd4EQuv82sGxBRCiigGcFviLKYA,2,"[92,92]",-27
40415,1DEjqswpRhLmWRMXm11HfT8NGb1dvGPTeP,2,"[95,95]",-27
40783,1PQ4C7EFumJmFyKxy5PnHoCVqXMJiPVVCR,2,"[79,79]",27
40911,14AChY3AaeS4n8ywTsZHXZeKRZDG1LhiGM,2,"[79,79]",27
40924,1Chna1Du6qnqbt4iXJVsQjaC8PzvsvyuAw,2,"[92,92]",-27
40927,18MmVL6ypYyFu5xU47w7BJgLn9ryRNvdzZ,2,"[95,95]",-27
41034,15ixKNFcRVQk2FgWW6FUt8uyxhFLTvsKLd,2,"[74,74]",-27
41162,121nLtFZb3DgGwNHpFwzj6hRajmemzRUkU,2,"[74,74]",-27
41417,16sEKKyz2LuntAiw9eYC2GV5b8waUFeELd,2,"[73,73]",-27
41545,1BpqPUvvnSCnHXJGdkky5yQNE2PmLpwBMv,2,"[73,73]",-27
41695,1DGLrip3t12A47bJzcZcrExTtRYbH55qSF,2,"[95,95]",-27
41719,16eYHBB3a7SaKfBA6mrd5hf5Sr6Qn6Ptg5,2,"[119,119]",27
41802,13uu21sCaWMLSsjd5WE1AhiWdiLRvG54hT,2,"[74,74]",-27
41848,1D8NtTfVWi3Skx4EtAqd72natVMwmmKzcz,2,"[120,120]",-27
42319,1PmBJ2gWVLnsUfFhBhk8vvZM9BBtgNWRER,2,"[79,79]",27
42360,1361vd8Jxgno7GsLhdtqFCA5pJ9NeRaEwd,2,"[120,120]",-27
42569,1FdNb2y4cgPUDtd5CHrMh2jiu9YRMyfyVZ,2,"[73,73]",-27
42616,14oRppMAMqnDNvVhch9yvXHz8JyB9sGPRH,2,"[120,120]",-27
42825,1BM2bSEHEhnKxQR2BH15fs2c2w62YLHYqb,2,"[73,73]",-27
42831,1CSG3xuQPFFAViDrArTgTXN9BwRF6Qv5pj,2,"[79,79]",27
43100,1HkAUeLdGPMDejruPjNa7hj9CgwSVGA5Lp,2,"[92,92]",-27
43208,1HtbmaRz8vboSXhJrdv2GbcwxKNqF7Jesz,2,"[72,72]",-27
43215,1KfWtkPwaYT7SN54cWMFoC79xkyTTixjsA,2,"[79,79]",27
43343,1HQRfPbWKePHitU7RMzaLHi949LhSaGTtB,2,"[79,79]",27
43383,1PhxFt67tQ5E5pVJYQG4M6yKr2nggvb9yT,2,"[119,119]",27
43464,17aqkekLUMrsZfVAPmvFNd2D1HMdwQ9fmY,2,"[72,72]",-27
43480,1GfrtF1cfCv5gNvgiAHTpN5p7bK5u2bKcV,2,"[88,88]",-27
43640,1KgpX7isvedZnQ2fHoMfqgrvsQda8pwBFJ,2,"[120,120]",-27
43849,1CawQaxnTZWukzoJHP8ByUENg8E7mnLkxW,2,"[73,73]",-27
43868,15CXyxHcKsMG7mGNG4GjjxXyotA1xtHHNK,2,"[92,92]",-27
43870,16ccFpHCZ83urtwiupzhDCG6DrA9CdqMJX,2,"[94,94]",-27
43896,1FecaYuvs1249NxLsmTBY9yQr1YALkadtM,2,"[120,120]",-27
44232,12CBFyPbL8a8FszHU1LYgK9pEU6WnY2MQb,2,"[72,72]",-27
44234,1JKoQoZnr8ukNq2iD3ur76XaDVqMpETd5Q,2,"[74,74]",-27
44280,1FtCdyyof6pBM5huNJjq93TK9biVXQnANg,2,"[120,120]",-27
44408,1CodTJmYEDeUU67aCc11tb2ncRBiKB5r1g,2,"[120,120]",-27
44510,19pmt79aQ7PWdhMv8qt2WP7Xg8Fw6uvCT3,2,"[94,94]",-27
44536,16ha9HrZBaPRkitN1NZ6h3fY2srFve4Dnd,2,"[120,120]",-27
44616,17oSfzBedayPCppA6cNpwz2NZafaxCMwtB,2,"[72,72]",-27
44764,16rx6ZM7ViPEy3zBS6Y6mtKcVsT1LS1w9u,2,"[92,92]",-27
44791,1K2QxzHTCHqXeCKASFiT6URRZdb9x88g5q,2,"[119,119]",27
44792,1Pqzvvha7Pfau1YRzFsQkGyYm6HDdKbjJc,2,"[120,120]",-27
45000,1MRJfw9p91VfW4BUz4VnBVQNNWYFRXY9zu,2,"[72,72]",-27
45129,1A5U3cz3ErccoDrXAerPkQSziyUV2KSnVM,2,"[73,73]",-27
45257,16ppBLCVfKa2fFGcHhR8jtSWj2qxrgfJpJ,2,"[73,73]",-27
45278,1GkUc1xYq7A56kZ52bHfLj92Ncdda1R66W,2,"[94,94]",-27
45404,1KVevS2zRRwGQzpX1wZeeFRB5j9bTM9ria,2,"[92,92]",-27
45432,1JvU9CGCzmbN9tD7KCFMPRApf4njYdATeJ,2,"[120,120]",-27
45512,1P62irAqVGqgoop8VWxkxTBipisWEYTU5C,2,"[72,72]",-27
45519,15cfxZWPgWqKmV4jsC67j68EPDNPJPzjGt,2,"[79,79]",27
45640,1KRddMXNL5BKMDLGEjoShrNfGfMk9ESso2,2,"[72,72]",-27
45642,1PJC9SvBKZScG4kk8q692kBKiVViXVz1W7,2,"[74,74]",-27
45663,1E6MUN7qmbjPo3Y7ayVCzuK8uDZfCcZ9AG,2,"[95,95]",-27
45784,1LF7GwHDL33nV2C9fQ1r8BgacGFkzaoLhk,2,"[88,88]",-27
45897,14TAyYsVyhtLh9tSn5nnZY7zxAyyUWruRv,2,"[73,73]",-27
46280,1KMBhsnsycHvCFvjDY42Qsrk5T8QN3cNEE,2,"[72,72]",-27
46302,1MoXjoqNsW44V6aMq1dKcNExYXB532MiVA,2,"[94,94]",-27
46328,1CqznpYFkEsU1EYKrbNfHLzrajWv3Ugavr,2,"[120,120]",-27
46556,1AW8QZNG64SN1v9qWApr34j3outqFEGzwv,2,"[92,92]",-27
46665,1t43ZVn7vKwxoXX88Bv8u64ofKZUNPdnZ,2,"[73,73]",-27
46684,1Mp1FfNb8n9hJZbng8FZiBZRS44sxd2trM,2,"[92,92]",-27
46712,1DnoMnhBZ8E7CFU5KjDUzAq8VYYzHStvYu,2,"[120,120]",-27
46792,12ERQCDXkvhyppzLghcswFLNTUBJYYPLiQ,2,"[72,72]",-27
46794,1PX5NorF954jZ5jmB4yyaG3CQw8zJD2pfs,2,"[74,74]",-27
46814,1DKdeWhpPHaQdgUhUVZByrYhUnKAjEhiKE,2,"[94,94]",-27
46922,1H47fMw7ni6MLPuwKr82n29u6WFBvPwgg,2,"[74,74]",-27
46927,1MS2hBF8JqbZM7bPMGCzEcGLFDDuvVGmzT,2,"[79,79]",27
46940,1CdCUd5vz11a5pBjLgf57R8WJtAufo3K9W,2,"[92,92]",-27
47433,1HQgdyUvYBi25J7is5wngXutYXqXLcNFy5,2,"[73,73]",-27
47448,14YCKisqANJiRXRpwEAnp4kysyf4xuXMQ9,2,"[88,88]",-27
47562,1AY2qBj3m3U43hY1P2LPkQqyLne5ei8S6X,2,"[74,74]",-27
47576,1AS6JxRmpeurbnfVcP9opvDNAH4qNq2gzk,2,"[88,88]",-27
47582,1NPA5zeRY3pfAE2gH8QeKTmXicNw5DzNjX,2,"[94,94]",-27
47964,18jnxnfZ5XiGrnQHVLqYgHF6owQ9ArDXCT,2,"[92,92]",-27
48092,1Fn1XZMcDKDzfyrZTX27ojfWEsTYKgBFjV,2,"[92,92]",-27
48207,1GZ5RET5Qmkct4dPNfcua7z9WU87bkSJ6H,2,"[79,79]",27
48457,16hGD41dV2zoczVnphUbsW1u3TnPXydSr,2,"[73,73]",-27
48503,1PhVTcpu73koJVJQyiECH3LTFpPC2cnnu,2,"[119,119]",27
48504,18QbH2zizJvBqMPjGdn3La39NVkFoNs1u1,2,"[120,120]",-27
48584,15VxFt7quNptdMUWSTVgGXWifNM4EmGAaL,2,"[72,72]",-27
48842,1EXbd4bkRqtjZX7WyCBm68uEtJkqbDAqzj,2,"[74,74]",-27
49015,141EwxCiqTUzsgYXCLGT97m1CVHx4RWcVz,2,"[119,119]",27
49103,19cCNX34FC6hELJTgXZt4P8LDBrKu6KBV9,2,"[79,79]",27
49119,1JpS62FQ7xhRE2tLgxgmaD2aFETkVmBxBp,2,"[95,95]",-27
